1635751497.6599061,3,-64,90,63,63,98.41269841269843,-6.769881767673709
1635751497.6599061,2,1,90,63,62,100.00000000000001,0.1062743078657994
1635751497.6599061,9,-131,91,64,64,96.87500000000001,-13.657275522629282
1635751497.6599061,15,135,90,66,63,98.41269841269843,14.05798553291573
1635751497.6599061,7,-262,93,64,64,96.87500000000001,-25.91825677320866
1635751497.6599061,8,-196,92,66,64,96.87500000000001,-19.978654404768985
1635751497.6599061,14,202,90,65,65,95.3846153846154,20.53983965738927
1635751497.6599061,1,66,89,63,63,98.41269841269843,6.979385101571969
1635751497.6599061,13,268,89,67,65,95.3846153846154,26.43182263135065
1635751499.1957576,7,-262,93,64,64,96.87500000000001,-25.91825677320866
1635751499.1957576,3,-64,90,63,63,98.41269841269843,-6.769881767673709
1635751499.1957576,15,135,90,66,63,98.41269841269843,14.05798553291573
1635751499.1957576,2,1,90,63,62,100.00000000000001,0.1062743078657994
1635751499.1957576,8,-196,92,66,64,96.87500000000001,-19.978654404768985
1635751499.1957576,9,-131,91,65,65,95.3846153846154,-13.657275522629282
1635751499.1957576,1,66,89,64,63,98.41269841269843,6.979385101571969
1635751499.1957576,13,268,89,67,65,95.3846153846154,26.43182263135065
1635751499.7852798,3,-64,90,63,63,98.41269841269843,-6.769881767673709
1635751499.7852798,7,-262,93,64,64,96.87500000000001,-25.91825677320866
1635751499.7852798,15,135,90,66,63,98.41269841269843,14.05798553291573
1635751499.7852798,2,1,90,63,62,100.00000000000001,0.1062743078657994
1635751499.7852798,8,-196,92,66,64,96.87500000000001,-19.978654404768985
1635751499.7852798,1,66,90,65,64,96.87500000000001,6.979385101571969
1635751499.7852798,13,268,89,67,65,95.3846153846154,26.43182263135065
1635751500.4038074,3,-64,90,63,64,96.87500000000001,-6.769881767673709
1635751500.4038074,7,-262,93,64,64,96.87500000000001,-25.91825677320866
1635751500.4038074,2,1,90,62,62,100.00000000000001,0.1062743078657994
1635751500.4038074,8,-196,92,66,64,96.87500000000001,-19.978654404768985
1635751500.4038074,14,203,90,66,65,95.3846153846154,20.632974678473587
1635751500.4038074,1,66,89,64,63,98.41269841269843,6.979385101571969
1635751500.4038074,15,135,90,66,63,98.41269841269843,14.05798553291573
1635751500.4038074,13,268,89,67,65,95.3846153846154,26.43182263135065
1635751501.066619,7,-262,93,64,64,96.87500000000001,-25.91825677320866
1635751501.066619,3,-64,90,63,63,98.41269841269843,-6.769881767673709
1635751501.066619,2,1,90,62,62,100.00000000000001,0.1062743078657994
1635751501.066619,8,-196,92,66,64,96.87500000000001,-19.978654404768985
1635751501.066619,14,202,90,68,64,96.87500000000001,20.53983965738927
1635751501.066619,15,135,90,66,63,98.41269841269843,14.05798553291573
1635751501.066619,1,66,89,64,63,98.41269841269843,6.979385101571969
1635751501.8470678,3,-64,90,63,63,98.41269841269843,-6.769881767673709
1635751501.8470678,7,-262,93,64,64,96.87500000000001,-25.91825677320866
1635751501.8470678,2,1,90,63,62,100.00000000000001,0.1062743078657994
1635751501.8470678,8,-196,92,66,64,96.87500000000001,-19.978654404768985
1635751501.8470678,9,-131,91,65,64,96.87500000000001,-13.657275522629282
1635751501.8470678,1,66,89,65,63,98.41269841269843,6.979385101571969
1635751501.8470678,15,135,90,66,63,98.41269841269843,14.05798553291573
1635751501.8470678,13,268,89,67,65,95.3846153846154,26.43182263135065
1635751502.410026,3,-64,90,63,63,98.41269841269843,-6.769881767673709
1635751502.410026,7,-262,93,64,64,96.87500000000001,-25.91825677320866
1635751502.410026,2,1,90,62,62,100.00000000000001,0.1062743078657994
1635751502.410026,8,-196,92,66,64,96.87500000000001,-19.978654404768985
1635751502.410026,9,-131,91,65,64,96.87500000000001,-13.657275522629282
1635751502.410026,15,135,90,66,63,98.41269841269843,14.05798553291573
1635751502.410026,1,66,89,64,65,95.3846153846154,6.979385101571969
1635751502.410026,13,268,89,67,65,95.3846153846154,26.43182263135065
1635751502.9047768,3,-64,90,63,63,98.41269841269843,-6.769881767673709
1635751502.9047768,7,-262,93,64,64,96.87500000000001,-25.91825677320866
1635751502.9047768,15,135,90,66,63,98.41269841269843,14.05798553291573
1635751502.9047768,2,1,90,62,62,100.00000000000001,0.1062743078657994
1635751502.9047768,8,-196,92,66,64,96.87500000000001,-19.978654404768985
1635751502.9047768,1,66,90,64,64,96.87500000000001,6.979385101571969
1635751502.9047768,13,268,89,67,65,95.3846153846154,26.43182263135065
1635751503.5904315,3,-64,90,63,64,96.87500000000001,-6.769881767673709
1635751503.5904315,7,-262,93,64,64,96.87500000000001,-25.91825677320866
1635751503.5904315,2,1,90,63,62,100.00000000000001,0.1062743078657994
1635751503.5904315,8,-196,92,66,64,96.87500000000001,-19.978654404768985
1635751503.5904315,9,-131,91,65,64,96.87500000000001,-13.657275522629282
1635751503.5904315,1,66,90,64,64,96.87500000000001,6.979385101571969
1635751503.5904315,15,134,90,65,63,98.41269841269843,13.957937907080732
1635751503.5904315,13,268,89,67,65,95.3846153846154,26.43182263135065
1635751504.153678,3,-64,90,63,63,98.41269841269843,-6.769881767673709
1635751504.153678,7,-262,93,64,64,96.87500000000001,-25.91825677320866
1635751504.153678,15,135,90,66,63,98.41269841269843,14.05798553291573
1635751504.153678,2,1,90,62,62,100.00000000000001,0.1062743078657994
1635751504.153678,8,-196,92,66,64,96.87500000000001,-19.978654404768985
1635751504.153678,9,-131,91,65,63,98.41269841269843,-13.657275522629282
1635751504.153678,14,203,90,66,64,96.87500000000001,20.632974678473587
1635751504.153678,1,66,90,64,64,96.87500000000001,6.979385101571969
1635751504.153678,13,268,89,67,65,95.3846153846154,26.43182263135065
1635751504.6539686,3,-64,90,63,63,98.41269841269843,-6.769881767673709
1635751504.6539686,7,-262,93,64,64,96.87500000000001,-25.91825677320866
1635751504.6539686,15,135,90,66,63,98.41269841269843,14.05798553291573
1635751504.6539686,2,1,90,62,62,100.00000000000001,0.1062743078657994
1635751504.6539686,8,-196,92,66,64,96.87500000000001,-19.978654404768985
1635751504.6539686,1,66,90,65,64,96.87500000000001,6.979385101571969
1635751504.6539686,14,203,90,66,65,95.3846153846154,20.632974678473587
1635751504.6539686,13,268,89,67,65,95.3846153846154,26.43182263135065
1635751505.278866,3,-64,90,63,63,98.41269841269843,-6.769881767673709
1635751505.278866,7,-262,93,64,64,96.87500000000001,-25.91825677320866
1635751505.278866,15,135,90,66,63,98.41269841269843,14.05798553291573
1635751505.278866,2,1,90,62,62,100.00000000000001,0.1062743078657994
1635751505.278866,8,-196,92,66,64,96.87500000000001,-19.978654404768985
1635751505.278866,9,-131,91,65,63,98.41269841269843,-13.657275522629282
1635751505.278866,14,203,90,66,64,96.87500000000001,20.632974678473587
1635751505.278866,1,66,89,64,64,96.87500000000001,6.979385101571969
1635751505.278866,13,268,89,67,65,95.3846153846154,26.43182263135065
1635751505.7243001,7,-262,93,64,64,96.87500000000001,-25.91825677320866
1635751505.7243001,3,-64,90,63,63,98.41269841269843,-6.769881767673709
1635751505.7243001,15,135,90,66,63,98.41269841269843,14.05798553291573
1635751505.7243001,2,1,90,62,62,100.00000000000001,0.1062743078657994
1635751505.7243001,8,-196,92,66,64,96.87500000000001,-19.978654404768985
1635751505.7243001,1,66,90,64,64,96.87500000000001,6.979385101571969
1635751505.7243001,13,268,89,67,65,95.3846153846154,26.43182263135065
1635751506.465904,2,1,90,62,62,100.00000000000001,0.1062743078657994
1635751506.465904,3,-64,90,63,63,98.41269841269843,-6.769881767673709
1635751506.465904,7,-262,93,64,64,96.87500000000001,-25.91825677320866
1635751506.465904,15,135,90,66,63,98.41269841269843,14.05798553291573
1635751506.465904,8,-196,92,66,64,96.87500000000001,-19.978654404768985
1635751506.465904,9,-131,91,65,65,95.3846153846154,-13.657275522629282
1635751506.465904,1,66,90,64,64,96.87500000000001,6.979385101571969
1635751506.465904,14,203,90,66,65,95.3846153846154,20.632974678473587
1635751507.121503,3,-64,90,63,63,98.41269841269843,-6.769881767673709
1635751507.121503,7,-262,93,64,64,96.87500000000001,-25.91825677320866
1635751507.121503,15,135,90,66,63,98.41269841269843,14.05798553291573
1635751507.121503,2,1,90,62,62,100.00000000000001,0.1062743078657994
1635751507.121503,8,-196,92,66,64,96.87500000000001,-19.978654404768985
1635751507.121503,9,-131,91,65,64,96.87500000000001,-13.657275522629282
1635751507.121503,1,66,90,65,64,96.87500000000001,6.979385101571969
1635751507.121503,13,268,89,67,65,95.3846153846154,26.43182263135065
1635751507.6038904,3,-64,90,63,63,98.41269841269843,-6.769881767673709
1635751507.6038904,7,-262,93,64,64,96.87500000000001,-25.91825677320866
1635751507.6038904,15,135,90,66,63,98.41269841269843,14.05798553291573
1635751507.6038904,2,1,90,62,62,100.00000000000001,0.1062743078657994
1635751507.6038904,8,-196,92,66,64,96.87500000000001,-19.978654404768985
1635751507.6038904,9,-131,91,65,64,96.87500000000001,-13.657275522629282
1635751507.6038904,1,66,90,65,64,96.87500000000001,6.979385101571969
1635751507.6038904,13,268,89,67,65,95.3846153846154,26.43182263135065
1635751508.1568186,3,-64,90,63,63,98.41269841269843,-6.769881767673709
1635751508.1568186,7,-262,93,64,64,96.87500000000001,-25.91825677320866
1635751508.1568186,15,135,90,66,63,98.41269841269843,14.05798553291573
1635751508.1568186,2,1,90,62,62,100.00000000000001,0.1062743078657994
1635751508.1568186,8,-196,92,66,64,96.87500000000001,-19.978654404768985
1635751508.1568186,9,-131,91,65,64,96.87500000000001,-13.657275522629282
1635751508.1568186,1,66,90,64,64,96.87500000000001,6.979385101571969
1635751508.1568186,13,268,89,67,65,95.3846153846154,26.43182263135065
1635751508.6189737,3,-64,90,63,63,98.41269841269843,-6.769881767673709
1635751508.6189737,7,-262,93,64,64,96.87500000000001,-25.91825677320866
1635751508.6189737,2,1,90,62,62,100.00000000000001,0.1062743078657994
1635751508.6189737,8,-196,92,66,64,96.87500000000001,-19.978654404768985
1635751508.6189737,9,-131,91,65,64,96.87500000000001,-13.657275522629282
1635751508.6189737,15,135,90,66,63,98.41269841269843,14.05798553291573
1635751508.6189737,1,66,90,64,64,96.87500000000001,6.979385101571969
1635751508.6189737,13,268,89,67,65,95.3846153846154,26.43182263135065
1635751509.132693,3,-64,90,63,63,98.41269841269843,-6.769881767673709
1635751509.132693,7,-262,93,64,64,96.87500000000001,-25.91825677320866
1635751509.132693,15,135,90,66,63,98.41269841269843,14.05798553291573
1635751509.132693,2,1,90,62,62,100.00000000000001,0.1062743078657994
1635751509.132693,8,-196,92,66,64,96.87500000000001,-19.978654404768985
1635751509.132693,9,-131,91,65,64,96.87500000000001,-13.657275522629282
1635751509.132693,1,66,90,64,64,96.87500000000001,6.979385101571969
1635751509.845643,3,-64,90,63,63,98.41269841269843,-6.769881767673709
1635751509.845643,7,-262,93,64,64,96.87500000000001,-25.91825677320866
1635751509.845643,15,135,90,66,63,98.41269841269843,14.05798553291573
1635751509.845643,2,1,90,62,62,100.00000000000001,0.1062743078657994
1635751509.845643,8,-196,92,66,64,96.87500000000001,-19.978654404768985
1635751509.845643,9,-131,91,65,64,96.87500000000001,-13.657275522629282
1635751509.845643,1,66,90,64,64,96.87500000000001,6.979385101571969
1635751509.845643,13,268,89,67,65,95.3846153846154,26.43182263135065
1635751510.3512688,3,-64,90,63,63,98.41269841269843,-6.769881767673709
1635751510.3512688,7,-262,93,64,64,96.87500000000001,-25.91825677320866
1635751510.3512688,14,203,90,66,64,96.87500000000001,20.632974678473587
1635751510.3512688,15,135,90,66,63,98.41269841269843,14.05798553291573
1635751510.3512688,2,1,90,62,62,100.00000000000001,0.1062743078657994
1635751510.3512688,8,-196,92,66,64,96.87500000000001,-19.978654404768985
1635751510.3512688,9,-131,92,65,64,96.87500000000001,-13.657275522629282
1635751510.3512688,1,66,90,65,64,96.87500000000001,6.979385101571969
1635751510.3512688,13,268,89,67,65,95.3846153846154,26.43182263135065
1635751510.8324864,3,-64,90,63,63,98.41269841269843,-6.769881767673709
1635751510.8324864,7,-262,93,64,64,96.87500000000001,-25.91825677320866
1635751510.8324864,15,135,90,66,63,98.41269841269843,14.05798553291573
1635751510.8324864,2,1,90,62,62,100.00000000000001,0.1062743078657994
1635751510.8324864,8,-196,92,66,64,96.87500000000001,-19.978654404768985
1635751510.8324864,9,-131,91,65,65,95.3846153846154,-13.657275522629282
1635751510.8324864,14,203,90,66,64,96.87500000000001,20.632974678473587
1635751510.8324864,1,66,90,64,64,96.87500000000001,6.979385101571969
1635751510.8324864,13,268,89,67,65,95.3846153846154,26.43182263135065
1635751511.2798219,3,-64,90,63,63,98.41269841269843,-6.769881767673709
1635751511.2798219,7,-262,93,64,64,96.87500000000001,-25.91825677320866
1635751511.2798219,15,135,90,66,63,98.41269841269843,14.05798553291573
1635751511.2798219,2,1,90,62,62,100.00000000000001,0.1062743078657994
1635751511.2798219,8,-196,92,66,64,96.87500000000001,-19.978654404768985
1635751511.2798219,9,-131,91,65,65,95.3846153846154,-13.657275522629282
1635751511.2798219,1,66,90,64,64,96.87500000000001,6.979385101571969
1635751511.2798219,14,203,90,66,64,96.87500000000001,20.632974678473587
1635751511.2798219,13,268,89,67,65,95.3846153846154,26.43182263135065
1635751511.777434,3,-64,90,63,63,98.41269841269843,-6.769881767673709
1635751511.777434,7,-262,93,64,64,96.87500000000001,-25.91825677320866
1635751511.777434,15,135,90,66,63,98.41269841269843,14.05798553291573
1635751511.777434,2,1,90,62,62,100.00000000000001,0.1062743078657994
1635751511.777434,8,-196,92,66,64,96.87500000000001,-19.978654404768985
1635751511.777434,9,-131,92,65,64,96.87500000000001,-13.657275522629282
1635751511.777434,1,66,90,65,64,96.87500000000001,6.979385101571969
1635751511.777434,13,268,89,67,65,95.3846153846154,26.43182263135065
1635751512.2584898,3,-64,90,63,63,98.41269841269843,-6.769881767673709
1635751512.2584898,7,-262,93,64,64,96.87500000000001,-25.91825677320866
1635751512.2584898,15,135,90,66,63,98.41269841269843,14.05798553291573
1635751512.2584898,2,1,90,62,62,100.00000000000001,0.1062743078657994
1635751512.2584898,8,-196,92,66,64,96.87500000000001,-19.978654404768985
1635751512.2584898,9,-131,91,65,64,96.87500000000001,-13.657275522629282
1635751512.2584898,1,66,90,64,64,96.87500000000001,6.979385101571969
1635751512.2584898,13,268,89,67,65,95.3846153846154,26.43182263135065
1635751512.7825727,3,-64,90,63,63,98.41269841269843,-6.769881767673709
1635751512.7825727,7,-262,93,64,64,96.87500000000001,-25.91825677320866
1635751512.7825727,2,1,90,62,62,100.00000000000001,0.1062743078657994
1635751512.7825727,8,-196,92,66,64,96.87500000000001,-19.978654404768985
1635751512.7825727,9,-131,91,64,65,95.3846153846154,-13.657275522629282
1635751512.7825727,1,66,90,64,63,98.41269841269843,6.979385101571969
1635751512.7825727,15,134,90,65,63,98.41269841269843,13.957937907080732
1635751512.7825727,13,268,89,67,65,95.3846153846154,26.43182263135065
1635751513.29224,3,-64,90,63,63,98.41269841269843,-6.769881767673709
1635751513.29224,7,-262,93,64,64,96.87500000000001,-25.91825677320866
1635751513.29224,15,135,90,66,63,98.41269841269843,14.05798553291573
1635751513.29224,2,1,90,62,62,100.00000000000001,0.1062743078657994
1635751513.29224,8,-196,92,66,64,96.87500000000001,-19.978654404768985
1635751513.29224,9,-131,91,65,64,96.87500000000001,-13.657275522629282
1635751513.29224,1,66,90,65,64,96.87500000000001,6.979385101571969
1635751513.29224,13,268,89,67,65,95.3846153846154,26.43182263135065
1635751513.8134346,3,-64,90,63,63,98.41269841269843,-6.769881767673709
1635751513.8134346,7,-262,93,64,64,96.87500000000001,-25.91825677320866
1635751513.8134346,15,135,90,66,63,98.41269841269843,14.05798553291573
1635751513.8134346,2,1,90,62,62,100.00000000000001,0.1062743078657994
1635751513.8134346,8,-196,92,66,64,96.87500000000001,-19.978654404768985
1635751513.8134346,9,-131,91,65,64,96.87500000000001,-13.657275522629282
1635751513.8134346,1,66,90,64,64,96.87500000000001,6.979385101571969
1635751513.8134346,13,268,89,67,65,95.3846153846154,26.43182263135065
1635751514.3416831,3,-64,90,63,63,98.41269841269843,-6.769881767673709
1635751514.3416831,7,-262,93,64,64,96.87500000000001,-25.91825677320866
1635751514.3416831,15,135,90,66,64,96.87500000000001,14.05798553291573
1635751514.3416831,2,1,90,62,62,100.00000000000001,0.1062743078657994
1635751514.3416831,8,-196,92,66,64,96.87500000000001,-19.978654404768985
1635751514.3416831,9,-131,91,65,64,96.87500000000001,-13.657275522629282
1635751514.3416831,1,66,90,64,64,96.87500000000001,6.979385101571969
1635751514.3416831,13,268,89,67,65,95.3846153846154,26.43182263135065
1635751514.8796616,3,-64,90,63,63,98.41269841269843,-6.769881767673709
1635751514.8796616,7,-262,93,64,64,96.87500000000001,-25.91825677320866
1635751514.8796616,15,135,90,66,63,98.41269841269843,14.05798553291573
1635751514.8796616,2,1,90,62,62,100.00000000000001,0.1062743078657994
1635751514.8796616,8,-196,92,66,64,96.87500000000001,-19.978654404768985
1635751514.8796616,9,-131,91,65,64,96.87500000000001,-13.657275522629282
1635751514.8796616,1,66,90,64,64,96.87500000000001,6.979385101571969
1635751514.8796616,13,268,89,67,65,95.3846153846154,26.43182263135065
1635751515.3726068,3,-64,90,63,63,98.41269841269843,-6.769881767673709
1635751515.3726068,7,-262,93,64,64,96.87500000000001,-25.91825677320866
1635751515.3726068,15,135,90,66,63,98.41269841269843,14.05798553291573
1635751515.3726068,2,1,90,62,62,100.00000000000001,0.1062743078657994
1635751515.3726068,8,-196,92,66,64,96.87500000000001,-19.978654404768985
1635751515.3726068,9,-131,91,65,64,96.87500000000001,-13.657275522629282
1635751515.3726068,1,66,90,64,64,96.87500000000001,6.979385101571969
1635751515.3726068,13,268,89,67,65,95.3846153846154,26.43182263135065
1635751515.9018724,3,-64,90,63,63,98.41269841269843,-6.769881767673709
1635751515.9018724,7,-262,93,64,64,96.87500000000001,-25.91825677320866
1635751515.9018724,15,135,90,66,63,98.41269841269843,14.05798553291573
1635751515.9018724,2,1,90,62,62,100.00000000000001,0.1062743078657994
1635751515.9018724,8,-196,92,66,64,96.87500000000001,-19.978654404768985
1635751515.9018724,9,-131,91,64,64,96.87500000000001,-13.657275522629282
1635751515.9018724,1,66,90,63,64,96.87500000000001,6.979385101571969
1635751516.6035872,3,-64,90,63,63,98.41269841269843,-6.769881767673709
1635751516.6035872,7,-262,93,64,64,96.87500000000001,-25.91825677320866
1635751516.6035872,2,1,90,62,62,100.00000000000001,0.1062743078657994
1635751516.6035872,8,-196,92,66,64,96.87500000000001,-19.978654404768985
1635751516.6035872,9,-131,91,65,64,96.87500000000001,-13.657275522629282
1635751516.6035872,1,66,90,65,64,96.87500000000001,6.979385101571969
1635751516.6035872,15,135,90,66,63,98.41269841269843,14.05798553291573
1635751516.6035872,13,268,89,67,65,95.3846153846154,26.43182263135065
1635751517.1529539,3,-64,90,63,63,98.41269841269843,-6.769881767673709
1635751517.1529539,7,-262,93,64,64,96.87500000000001,-25.91825677320866
1635751517.1529539,14,203,90,66,64,96.87500000000001,20.632974678473587
1635751517.1529539,15,135,90,66,63,98.41269841269843,14.05798553291573
1635751517.1529539,2,1,90,62,62,100.00000000000001,0.1062743078657994
1635751517.1529539,8,-196,92,66,64,96.87500000000001,-19.978654404768985
1635751517.1529539,9,-131,91,64,64,96.87500000000001,-13.657275522629282
1635751517.1529539,1,66,90,65,64,96.87500000000001,6.979385101571969
1635751517.1529539,13,268,89,67,65,95.3846153846154,26.43182263135065
1635751517.596679,3,-64,90,63,63,98.41269841269843,-6.769881767673709
1635751517.596679,7,-262,93,64,64,96.87500000000001,-25.91825677320866
1635751517.596679,15,135,90,66,63,98.41269841269843,14.05798553291573
1635751517.596679,2,1,90,62,62,100.00000000000001,0.1062743078657994
1635751517.596679,8,-196,92,66,64,96.87500000000001,-19.978654404768985
1635751517.596679,9,-131,91,64,64,96.87500000000001,-13.657275522629282
1635751517.596679,1,66,90,65,64,96.87500000000001,6.979385101571969
1635751517.596679,13,268,89,67,65,95.3846153846154,26.43182263135065
1635751518.1307824,3,-64,90,63,63,98.41269841269843,-6.769881767673709
1635751518.1307824,7,-262,93,64,64,96.87500000000001,-25.91825677320866
1635751518.1307824,2,1,90,62,62,100.00000000000001,0.1062743078657994
1635751518.1307824,8,-196,92,66,64,96.87500000000001,-19.978654404768985
1635751518.1307824,9,-131,91,64,64,96.87500000000001,-13.657275522629282
1635751518.1307824,15,135,90,66,63,98.41269841269843,14.05798553291573
1635751518.1307824,1,66,90,64,64,96.87500000000001,6.979385101571969
1635751518.1307824,13,268,89,67,65,95.3846153846154,26.43182263135065
1635751518.770974,2,1,90,62,62,100.00000000000001,0.1062743078657994
1635751518.770974,3,-64,90,63,63,98.41269841269843,-6.769881767673709
1635751518.770974,7,-262,93,64,64,96.87500000000001,-25.91825677320866
1635751518.770974,15,135,90,66,63,98.41269841269843,14.05798553291573
1635751518.770974,8,-196,92,66,64,96.87500000000001,-19.978654404768985
1635751518.770974,9,-131,91,64,64,96.87500000000001,-13.657275522629282
1635751518.770974,1,66,90,64,64,96.87500000000001,6.979385101571969
1635751518.770974,14,203,90,66,64,96.87500000000001,20.632974678473587
1635751518.770974,13,268,89,67,65,95.3846153846154,26.43182263135065
1635751519.2779675,3,-64,90,63,63,98.41269841269843,-6.769881767673709
1635751519.2779675,7,-262,93,64,64,96.87500000000001,-25.91825677320866
1635751519.2779675,2,1,90,62,62,100.00000000000001,0.1062743078657994
1635751519.2779675,8,-196,92,66,64,96.87500000000001,-19.978654404768985
1635751519.2779675,9,-131,91,65,64,96.87500000000001,-13.657275522629282
1635751519.2779675,1,66,89,64,63,98.41269841269843,6.979385101571969
1635751519.2779675,15,135,90,66,63,98.41269841269843,14.05798553291573
1635751519.2779675,13,268,89,67,65,95.3846153846154,26.43182263135065
1635751519.8209736,3,-64,90,63,63,98.41269841269843,-6.769881767673709
1635751519.8209736,7,-262,93,64,64,96.87500000000001,-25.91825677320866
1635751519.8209736,15,134,90,65,63,98.41269841269843,13.957937907080732
1635751519.8209736,2,1,90,62,62,100.00000000000001,0.1062743078657994
1635751519.8209736,8,-196,92,66,64,96.87500000000001,-19.978654404768985
1635751519.8209736,9,-131,91,64,65,95.3846153846154,-13.657275522629282
1635751519.8209736,14,203,90,66,64,96.87500000000001,20.632974678473587
1635751519.8209736,1,66,89,64,63,98.41269841269843,6.979385101571969
1635751519.8209736,13,268,89,67,65,95.3846153846154,26.43182263135065
1635751520.26278,3,-64,90,63,63,98.41269841269843,-6.769881767673709
1635751520.26278,7,-262,93,64,64,96.87500000000001,-25.91825677320866
1635751520.26278,15,135,90,66,63,98.41269841269843,14.05798553291573
1635751520.26278,2,1,90,62,62,100.00000000000001,0.1062743078657994
1635751520.26278,9,-131,91,65,64,96.87500000000001,-13.657275522629282
1635751520.26278,14,203,90,66,64,96.87500000000001,20.632974678473587
1635751520.26278,1,66,90,65,64,96.87500000000001,6.979385101571969
1635751520.26278,8,-196,92,66,64,96.87500000000001,-19.978654404768985
1635751520.26278,13,268,89,67,65,95.3846153846154,26.43182263135065
1635751520.7693558,3,-64,90,63,63,98.41269841269843,-6.769881767673709
1635751520.7693558,7,-262,93,64,64,96.87500000000001,-25.91825677320866
1635751520.7693558,2,1,90,62,62,100.00000000000001,0.1062743078657994
1635751520.7693558,9,-131,91,65,64,96.87500000000001,-13.657275522629282
1635751520.7693558,1,66,89,65,63,98.41269841269843,6.979385101571969
1635751520.7693558,8,-196,92,66,64,96.87500000000001,-19.978654404768985
1635751520.7693558,15,135,90,66,63,98.41269841269843,14.05798553291573
1635751520.7693558,13,268,89,67,65,95.3846153846154,26.43182263135065
1635751521.321809,3,-64,90,63,63,98.41269841269843,-6.769881767673709
1635751521.321809,7,-262,93,64,64,96.87500000000001,-25.91825677320866
1635751521.321809,2,1,90,62,62,100.00000000000001,0.1062743078657994
1635751521.321809,15,135,90,66,63,98.41269841269843,14.05798553291573
1635751521.321809,8,-196,92,66,64,96.87500000000001,-19.978654404768985
1635751521.321809,9,-131,91,66,64,96.87500000000001,-13.657275522629282
1635751521.321809,1,66,90,64,64,96.87500000000001,6.979385101571969
1635751522.021418,3,-64,90,63,63,98.41269841269843,-6.769881767673709
1635751522.021418,7,-262,93,64,64,96.87500000000001,-25.91825677320866
1635751522.021418,9,-131,91,64,64,96.87500000000001,-13.657275522629282
1635751522.021418,14,203,90,66,64,96.87500000000001,20.632974678473587
1635751522.021418,15,135,90,66,63,98.41269841269843,14.05798553291573
1635751522.021418,2,1,90,62,62,100.00000000000001,0.1062743078657994
1635751522.021418,8,-196,92,66,64,96.87500000000001,-19.978654404768985
1635751522.021418,1,66,90,65,64,96.87500000000001,6.979385101571969
1635751522.021418,13,268,89,67,65,95.3846153846154,26.43182263135065
1635751522.430672,3,-64,90,63,63,98.41269841269843,-6.769881767673709
1635751522.430672,7,-262,93,64,64,96.87500000000001,-25.91825677320866
1635751522.430672,15,135,90,66,63,98.41269841269843,14.05798553291573
1635751522.430672,2,1,90,62,62,100.00000000000001,0.1062743078657994
1635751522.430672,8,-196,92,66,64,96.87500000000001,-19.978654404768985
1635751522.430672,9,-131,91,65,64,96.87500000000001,-13.657275522629282
1635751522.430672,1,66,90,64,64,96.87500000000001,6.979385101571969
1635751522.430672,13,268,89,67,65,95.3846153846154,26.43182263135065
1635751523.0246823,3,-64,90,63,63,98.41269841269843,-6.769881767673709
1635751523.0246823,7,-262,93,64,64,96.87500000000001,-25.91825677320866
1635751523.0246823,15,135,90,66,63,98.41269841269843,14.05798553291573
1635751523.0246823,2,1,90,62,62,100.00000000000001,0.1062743078657994
1635751523.0246823,8,-196,92,66,64,96.87500000000001,-19.978654404768985
1635751523.0246823,9,-131,91,64,64,96.87500000000001,-13.657275522629282
1635751523.0246823,1,66,90,64,64,96.87500000000001,6.979385101571969
1635751523.0246823,13,268,89,67,65,95.3846153846154,26.43182263135065
1635751523.5503104,3,-64,90,63,63,98.41269841269843,-6.769881767673709
1635751523.5503104,7,-262,93,64,64,96.87500000000001,-25.91825677320866
1635751523.5503104,9,-131,91,64,64,96.87500000000001,-13.657275522629282
1635751523.5503104,15,135,90,66,63,98.41269841269843,14.05798553291573
1635751523.5503104,2,1,90,62,62,100.00000000000001,0.1062743078657994
1635751523.5503104,8,-196,92,66,64,96.87500000000001,-19.978654404768985
1635751523.5503104,14,203,90,66,64,96.87500000000001,20.632974678473587
1635751523.5503104,1,66,89,63,63,98.41269841269843,6.979385101571969
1635751523.5503104,13,268,89,67,65,95.3846153846154,26.43182263135065
1635751524.0101962,3,-64,90,63,63,98.41269841269843,-6.769881767673709
1635751524.0101962,7,-262,93,64,64,96.87500000000001,-25.91825677320866
1635751524.0101962,9,-131,91,65,64,96.87500000000001,-13.657275522629282
1635751524.0101962,2,1,90,62,62,100.00000000000001,0.1062743078657994
1635751524.0101962,8,-196,92,66,64,96.87500000000001,-19.978654404768985
1635751524.0101962,1,66,89,65,63,98.41269841269843,6.979385101571969
1635751524.0101962,13,268,89,67,65,95.3846153846154,26.43182263135065
1635751524.5981076,3,-64,90,63,63,98.41269841269843,-6.769881767673709
1635751524.5981076,7,-262,93,64,64,96.87500000000001,-25.91825677320866
1635751524.5981076,15,135,90,66,63,98.41269841269843,14.05798553291573
1635751524.5981076,2,1,90,62,62,100.00000000000001,0.1062743078657994
1635751524.5981076,8,-196,92,66,64,96.87500000000001,-19.978654404768985
1635751524.5981076,9,-131,91,64,64,96.87500000000001,-13.657275522629282
1635751524.5981076,1,66,89,64,63,98.41269841269843,6.979385101571969
1635751524.5981076,13,268,89,67,65,95.3846153846154,26.43182263135065
1635751525.0860837,3,-64,90,63,63,98.41269841269843,-6.769881767673709
1635751525.0860837,7,-262,93,64,64,96.87500000000001,-25.91825677320866
1635751525.0860837,9,-131,91,65,64,96.87500000000001,-13.657275522629282
1635751525.0860837,15,135,90,66,63,98.41269841269843,14.05798553291573
1635751525.0860837,2,1,90,62,62,100.00000000000001,0.1062743078657994
1635751525.0860837,8,-196,92,66,64,96.87500000000001,-19.978654404768985
1635751525.0860837,1,66,90,63,64,96.87500000000001,6.979385101571969
1635751525.0860837,13,268,89,67,65,95.3846153846154,26.43182263135065
1635751525.5633788,3,-64,90,63,63,98.41269841269843,-6.769881767673709
1635751525.5633788,7,-262,93,64,64,96.87500000000001,-25.91825677320866
1635751525.5633788,9,-132,91,65,64,96.87500000000001,-13.757582401273247
1635751525.5633788,15,135,90,66,63,98.41269841269843,14.05798553291573
1635751525.5633788,2,1,90,62,62,100.00000000000001,0.1062743078657994
1635751525.5633788,1,66,90,64,64,96.87500000000001,6.979385101571969
1635751525.5633788,8,-196,92,66,64,96.87500000000001,-19.978654404768985
1635751525.5633788,13,268,89,67,65,95.3846153846154,26.43182263135065
1635751526.0885565,3,-64,90,63,63,98.41269841269843,-6.769881767673709
1635751526.0885565,7,-262,93,64,64,96.87500000000001,-25.91825677320866
1635751526.0885565,15,135,90,66,63,98.41269841269843,14.05798553291573
1635751526.0885565,2,1,90,62,62,100.00000000000001,0.1062743078657994
1635751526.0885565,8,-196,92,66,64,96.87500000000001,-19.978654404768985
1635751526.0885565,9,-132,91,65,64,96.87500000000001,-13.757582401273247
1635751526.0885565,14,203,90,66,64,96.87500000000001,20.632974678473587
1635751526.0885565,1,66,89,64,63,98.41269841269843,6.979385101571969
1635751526.0885565,13,268,89,67,65,95.3846153846154,26.43182263135065
1635751526.6549938,3,-64,90,63,63,98.41269841269843,-6.769881767673709
1635751526.6549938,7,-262,93,64,64,96.87500000000001,-25.91825677320866
1635751526.6549938,9,-131,91,65,64,96.87500000000001,-13.657275522629282
1635751526.6549938,15,135,90,66,63,98.41269841269843,14.05798553291573
1635751526.6549938,2,1,90,62,62,100.00000000000001,0.1062743078657994
1635751526.6549938,8,-196,92,66,64,96.87500000000001,-19.978654404768985
1635751526.6549938,1,66,90,64,64,96.87500000000001,6.979385101571969
1635751526.6549938,13,268,89,67,65,95.3846153846154,26.43182263135065
1635751527.1235223,2,1,90,62,62,100.00000000000001,0.1062743078657994
1635751527.1235223,3,-64,90,63,63,98.41269841269843,-6.769881767673709
1635751527.1235223,7,-262,93,64,64,96.87500000000001,-25.91825677320866
1635751527.1235223,9,-131,91,64,64,96.87500000000001,-13.657275522629282
1635751527.1235223,15,135,90,66,63,98.41269841269843,14.05798553291573
1635751527.1235223,8,-196,92,66,64,96.87500000000001,-19.978654404768985
1635751527.1235223,1,66,89,64,63,98.41269841269843,6.979385101571969
1635751527.1235223,13,269,89,66,65,95.3846153846154,26.516976503255172
1635751527.5902212,3,-64,90,63,63,98.41269841269843,-6.769881767673709
1635751527.5902212,7,-262,93,64,64,96.87500000000001,-25.91825677320866
1635751527.5902212,9,-131,91,64,64,96.87500000000001,-13.657275522629282
1635751527.5902212,15,135,90,66,63,98.41269841269843,14.05798553291573
1635751527.5902212,2,1,90,62,62,100.00000000000001,0.1062743078657994
1635751527.5902212,8,-196,92,66,64,96.87500000000001,-19.978654404768985
1635751527.5902212,1,66,90,64,64,96.87500000000001,6.979385101571969
1635751527.5902212,13,268,89,67,65,95.3846153846154,26.43182263135065
1635751528.09522,3,-64,90,63,63,98.41269841269843,-6.769881767673709
1635751528.09522,7,-262,93,64,64,96.87500000000001,-25.91825677320866
1635751528.09522,9,-131,91,64,64,96.87500000000001,-13.657275522629282
1635751528.09522,15,135,90,66,63,98.41269841269843,14.05798553291573
1635751528.09522,2,1,90,62,62,100.00000000000001,0.1062743078657994
1635751528.09522,8,-196,92,66,64,96.87500000000001,-19.978654404768985
1635751528.09522,14,203,90,66,64,96.87500000000001,20.632974678473587
1635751528.09522,1,66,89,64,63,98.41269841269843,6.979385101571969
1635751528.09522,13,268,89,67,65,95.3846153846154,26.43182263135065
1635751528.5584054,3,-64,90,63,63,98.41269841269843,-6.769881767673709
1635751528.5584054,7,-262,93,64,64,96.87500000000001,-25.91825677320866
1635751528.5584054,9,-131,91,64,64,96.87500000000001,-13.657275522629282
1635751528.5584054,15,135,90,66,63,98.41269841269843,14.05798553291573
1635751528.5584054,2,1,90,62,62,100.00000000000001,0.1062743078657994
1635751528.5584054,14,203,90,66,64,96.87500000000001,20.632974678473587
1635751528.5584054,1,66,90,63,64,96.87500000000001,6.979385101571969
1635751528.5584054,8,-196,92,66,64,96.87500000000001,-19.978654404768985
1635751528.5584054,13,268,89,67,65,95.3846153846154,26.43182263135065
1635751529.001599,3,-64,90,63,63,98.41269841269843,-6.769881767673709
1635751529.001599,7,-262,93,64,64,96.87500000000001,-25.91825677320866
1635751529.001599,9,-131,91,64,64,96.87500000000001,-13.657275522629282
1635751529.001599,15,135,90,66,63,98.41269841269843,14.05798553291573
1635751529.001599,2,1,90,62,62,100.00000000000001,0.1062743078657994
1635751529.001599,8,-196,92,66,64,96.87500000000001,-19.978654404768985
1635751529.001599,1,66,89,64,63,98.41269841269843,6.979385101571969
1635751529.001599,13,268,89,67,65,95.3846153846154,26.43182263135065
1635751529.6054156,3,-64,90,63,63,98.41269841269843,-6.769881767673709
1635751529.6054156,7,-262,93,64,64,96.87500000000001,-25.91825677320866
1635751529.6054156,9,-131,91,64,64,96.87500000000001,-13.657275522629282
1635751529.6054156,15,134,90,65,63,98.41269841269843,13.957937907080732
1635751529.6054156,2,1,90,62,62,100.00000000000001,0.1062743078657994
1635751529.6054156,8,-196,92,66,64,96.87500000000001,-19.978654404768985
1635751529.6054156,1,66,89,64,63,98.41269841269843,6.979385101571969
1635751529.6054156,13,268,89,67,65,95.3846153846154,26.43182263135065
1635751530.101863,3,-64,90,63,63,98.41269841269843,-6.769881767673709
1635751530.101863,7,-262,93,64,64,96.87500000000001,-25.91825677320866
1635751530.101863,9,-132,91,65,64,96.87500000000001,-13.757582401273247
1635751530.101863,15,134,90,65,63,98.41269841269843,13.957937907080732
1635751530.101863,2,1,90,62,62,100.00000000000001,0.1062743078657994
1635751530.101863,1,66,89,65,63,98.41269841269843,6.979385101571969
1635751530.101863,8,-196,92,66,64,96.87500000000001,-19.978654404768985
1635751530.101863,13,269,89,66,65,95.3846153846154,26.516976503255172
1635751530.623799,3,-64,90,63,63,98.41269841269843,-6.769881767673709
1635751530.623799,7,-262,93,64,64,96.87500000000001,-25.91825677320866
1635751530.623799,9,-131,91,65,64,96.87500000000001,-13.657275522629282
1635751530.623799,15,135,90,66,63,98.41269841269843,14.05798553291573
1635751530.623799,2,1,90,62,62,100.00000000000001,0.1062743078657994
1635751530.623799,1,66,89,64,63,98.41269841269843,6.979385101571969
1635751530.623799,8,-196,92,66,64,96.87500000000001,-19.978654404768985
1635751530.623799,13,268,89,67,65,95.3846153846154,26.43182263135065
1635751531.0936582,3,-64,90,63,63,98.41269841269843,-6.769881767673709
1635751531.0936582,7,-262,93,64,64,96.87500000000001,-25.91825677320866
1635751531.0936582,9,-131,91,65,64,96.87500000000001,-13.657275522629282
1635751531.0936582,15,135,90,66,63,98.41269841269843,14.05798553291573
1635751531.0936582,2,1,90,62,62,100.00000000000001,0.1062743078657994
1635751531.0936582,8,-196,92,66,64,96.87500000000001,-19.978654404768985
1635751531.0936582,1,66,89,64,63,98.41269841269843,6.979385101571969
1635751531.0936582,13,268,89,67,65,95.3846153846154,26.43182263135065
1635751531.6282766,3,-64,90,63,63,98.41269841269843,-6.769881767673709
1635751531.6282766,7,-262,93,64,64,96.87500000000001,-25.91825677320866
1635751531.6282766,2,1,90,62,62,100.00000000000001,0.1062743078657994
1635751531.6282766,9,-131,91,64,64,96.87500000000001,-13.657275522629282
1635751531.6282766,15,135,90,66,63,98.41269841269843,14.05798553291573
1635751531.6282766,8,-196,92,66,64,96.87500000000001,-19.978654404768985
1635751531.6282766,1,66,89,65,63,98.41269841269843,6.979385101571969
1635751531.6282766,13,268,89,67,65,95.3846153846154,26.43182263135065
1635751532.1810145,3,-64,90,63,63,98.41269841269843,-6.769881767673709
1635751532.1810145,7,-262,93,64,64,96.87500000000001,-25.91825677320866
1635751532.1810145,9,-131,91,64,64,96.87500000000001,-13.657275522629282
1635751532.1810145,15,135,90,66,63,98.41269841269843,14.05798553291573
1635751532.1810145,2,1,90,62,62,100.00000000000001,0.1062743078657994
1635751532.1810145,8,-196,92,66,64,96.87500000000001,-19.978654404768985
1635751532.1810145,1,66,89,63,63,98.41269841269843,6.979385101571969
1635751532.1810145,13,268,89,67,65,95.3846153846154,26.43182263135065
1635751532.6516433,3,-64,90,63,63,98.41269841269843,-6.769881767673709
1635751532.6516433,2,1,90,62,62,100.00000000000001,0.1062743078657994
1635751532.6516433,7,-262,93,64,64,96.87500000000001,-25.91825677320866
1635751532.6516433,9,-131,91,64,64,96.87500000000001,-13.657275522629282
1635751532.6516433,15,134,90,65,63,98.41269841269843,13.957937907080732
1635751532.6516433,8,-196,92,66,64,96.87500000000001,-19.978654404768985
1635751532.6516433,1,66,90,64,64,96.87500000000001,6.979385101571969
1635751532.6516433,13,268,89,67,65,95.3846153846154,26.43182263135065
1635751533.1188319,3,-64,90,63,63,98.41269841269843,-6.769881767673709
1635751533.1188319,7,-262,93,64,64,96.87500000000001,-25.91825677320866
1635751533.1188319,9,-131,91,65,64,96.87500000000001,-13.657275522629282
1635751533.1188319,2,1,90,62,62,100.00000000000001,0.1062743078657994
1635751533.1188319,15,135,90,66,63,98.41269841269843,14.05798553291573
1635751533.1188319,14,203,90,66,64,96.87500000000001,20.632974678473587
1635751533.1188319,8,-196,92,66,64,96.87500000000001,-19.978654404768985
1635751533.1188319,1,66,89,63,63,98.41269841269843,6.979385101571969
1635751533.1188319,13,268,89,67,65,95.3846153846154,26.43182263135065
1635751533.6834147,3,-64,90,63,63,98.41269841269843,-6.769881767673709
1635751533.6834147,7,-262,93,64,64,96.87500000000001,-25.91825677320866
1635751533.6834147,9,-131,91,64,64,96.87500000000001,-13.657275522629282
1635751533.6834147,15,135,90,66,63,98.41269841269843,14.05798553291573
1635751533.6834147,2,1,90,62,62,100.00000000000001,0.1062743078657994
1635751533.6834147,8,-196,92,66,64,96.87500000000001,-19.978654404768985
1635751533.6834147,1,66,90,64,64,96.87500000000001,6.979385101571969
1635751533.6834147,13,268,89,67,65,95.3846153846154,26.43182263135065
1635751534.282997,3,-64,90,63,63,98.41269841269843,-6.769881767673709
1635751534.282997,7,-262,93,64,64,96.87500000000001,-25.91825677320866
1635751534.282997,9,-131,91,65,64,96.87500000000001,-13.657275522629282
1635751534.282997,15,134,90,65,63,98.41269841269843,13.957937907080732
1635751534.282997,2,1,90,62,62,100.00000000000001,0.1062743078657994
1635751534.282997,8,-196,92,66,64,96.87500000000001,-19.978654404768985
1635751534.282997,1,66,89,63,63,98.41269841269843,6.979385101571969
1635751534.282997,13,268,89,67,65,95.3846153846154,26.43182263135065
1635751534.7558978,3,-64,90,63,63,98.41269841269843,-6.769881767673709
1635751534.7558978,7,-262,93,64,64,96.87500000000001,-25.91825677320866
1635751534.7558978,9,-131,91,64,64,96.87500000000001,-13.657275522629282
1635751534.7558978,15,135,90,66,63,98.41269841269843,14.05798553291573
1635751534.7558978,2,1,90,62,62,100.00000000000001,0.1062743078657994
1635751534.7558978,8,-196,92,66,64,96.87500000000001,-19.978654404768985
1635751534.7558978,1,66,90,65,64,96.87500000000001,6.979385101571969
1635751534.7558978,13,268,89,67,65,95.3846153846154,26.43182263135065
1635751535.2816486,3,-64,90,63,63,98.41269841269843,-6.769881767673709
1635751535.2816486,7,-262,93,64,64,96.87500000000001,-25.91825677320866
1635751535.2816486,9,-132,91,65,64,96.87500000000001,-13.757582401273247
1635751535.2816486,15,135,90,66,63,98.41269841269843,14.05798553291573
1635751535.2816486,2,1,90,62,62,100.00000000000001,0.1062743078657994
1635751535.2816486,8,-196,92,66,64,96.87500000000001,-19.978654404768985
1635751535.2816486,1,66,90,63,64,96.87500000000001,6.979385101571969
1635751535.2816486,13,268,89,67,65,95.3846153846154,26.43182263135065
1635751535.8461251,3,-64,90,63,63,98.41269841269843,-6.769881767673709
1635751535.8461251,7,-262,93,64,64,96.87500000000001,-25.91825677320866
1635751535.8461251,9,-131,91,64,64,96.87500000000001,-13.657275522629282
1635751535.8461251,2,1,90,62,62,100.00000000000001,0.1062743078657994
1635751535.8461251,1,66,89,65,63,98.41269841269843,6.979385101571969
1635751535.8461251,8,-196,92,66,64,96.87500000000001,-19.978654404768985
1635751535.8461251,13,268,89,67,65,95.3846153846154,26.43182263135065
1635751536.4216332,3,-64,90,63,63,98.41269841269843,-6.769881767673709
1635751536.4216332,7,-262,93,64,64,96.87500000000001,-25.91825677320866
1635751536.4216332,9,-132,91,65,64,96.87500000000001,-13.757582401273247
1635751536.4216332,14,203,90,66,64,96.87500000000001,20.632974678473587
1635751536.4216332,15,134,90,65,63,98.41269841269843,13.957937907080732
1635751536.4216332,1,66,89,64,63,98.41269841269843,6.979385101571969
1635751536.4216332,2,1,90,62,62,100.00000000000001,0.1062743078657994
1635751536.4216332,8,-196,92,66,64,96.87500000000001,-19.978654404768985
1635751536.4216332,13,268,89,67,65,95.3846153846154,26.43182263135065
1635751536.7770195,3,-64,90,63,63,98.41269841269843,-6.769881767673709
1635751536.7770195,7,-262,93,64,64,96.87500000000001,-25.91825677320866
1635751536.7770195,9,-132,91,65,64,96.87500000000001,-13.757582401273247
1635751536.7770195,15,135,90,66,63,98.41269841269843,14.05798553291573
1635751536.7770195,2,1,90,62,62,100.00000000000001,0.1062743078657994
1635751536.7770195,8,-196,92,66,64,96.87500000000001,-19.978654404768985
1635751536.7770195,14,202,90,68,64,96.87500000000001,20.53983965738927
1635751536.7770195,1,66,90,63,64,96.87500000000001,6.979385101571969
1635751536.7770195,13,269,89,66,65,95.3846153846154,26.516976503255172
1635751537.2362404,3,-64,90,63,63,98.41269841269843,-6.769881767673709
1635751537.2362404,7,-262,93,64,64,96.87500000000001,-25.91825677320866
1635751537.2362404,9,-132,91,65,64,96.87500000000001,-13.757582401273247
1635751537.2362404,15,135,90,66,63,98.41269841269843,14.05798553291573
1635751537.2362404,2,1,90,62,62,100.00000000000001,0.1062743078657994
1635751537.2362404,8,-196,92,66,64,96.87500000000001,-19.978654404768985
1635751537.2362404,1,66,89,65,63,98.41269841269843,6.979385101571969
1635751537.2362404,13,269,89,66,65,95.3846153846154,26.516976503255172
1635751537.7121615,3,-64,90,63,63,98.41269841269843,-6.769881767673709
1635751537.7121615,7,-262,93,64,64,96.87500000000001,-25.91825677320866
1635751537.7121615,9,-131,91,65,64,96.87500000000001,-13.657275522629282
1635751537.7121615,2,1,90,62,62,100.00000000000001,0.1062743078657994
1635751537.7121615,15,135,90,66,63,98.41269841269843,14.05798553291573
1635751537.7121615,14,203,90,66,64,96.87500000000001,20.632974678473587
1635751537.7121615,8,-196,92,66,64,96.87500000000001,-19.978654404768985
1635751537.7121615,1,66,90,65,64,96.87500000000001,6.979385101571969
1635751538.2762496,3,-64,90,63,63,98.41269841269843,-6.769881767673709
1635751538.2762496,7,-262,93,64,64,96.87500000000001,-25.91825677320866
1635751538.2762496,9,-131,91,64,64,96.87500000000001,-13.657275522629282
1635751538.2762496,2,1,90,62,62,100.00000000000001,0.1062743078657994
1635751538.2762496,15,135,90,66,63,98.41269841269843,14.05798553291573
1635751538.2762496,14,203,90,66,64,96.87500000000001,20.632974678473587
1635751538.2762496,8,-196,92,66,64,96.87500000000001,-19.978654404768985
1635751538.2762496,1,66,89,64,63,98.41269841269843,6.979385101571969
1635751538.2762496,13,268,89,67,65,95.3846153846154,26.43182263135065
1635751538.794403,3,-64,90,63,63,98.41269841269843,-6.769881767673709
1635751538.794403,7,-262,93,64,64,96.87500000000001,-25.91825677320866
1635751538.794403,9,-131,91,65,64,96.87500000000001,-13.657275522629282
1635751538.794403,2,1,90,62,62,100.00000000000001,0.1062743078657994
1635751538.794403,1,66,90,63,64,96.87500000000001,6.979385101571969
1635751538.794403,8,-196,92,66,64,96.87500000000001,-19.978654404768985
1635751538.794403,15,134,90,65,63,98.41269841269843,13.957937907080732
1635751538.794403,13,268,89,67,65,95.3846153846154,26.43182263135065
1635751539.313585,3,-64,90,63,63,98.41269841269843,-6.769881767673709
1635751539.313585,7,-262,93,64,64,96.87500000000001,-25.91825677320866
1635751539.313585,9,-131,91,66,64,96.87500000000001,-13.657275522629282
1635751539.313585,15,135,90,66,63,98.41269841269843,14.05798553291573
1635751539.313585,2,1,90,62,62,100.00000000000001,0.1062743078657994
1635751539.313585,8,-196,92,66,64,96.87500000000001,-19.978654404768985
1635751539.313585,14,203,90,66,64,96.87500000000001,20.632974678473587
1635751539.313585,1,66,89,63,63,98.41269841269843,6.979385101571969
1635751539.313585,13,269,89,66,65,95.3846153846154,26.516976503255172
1635751539.7485979,3,-64,90,63,63,98.41269841269843,-6.769881767673709
1635751539.7485979,7,-262,93,64,64,96.87500000000001,-25.91825677320866
1635751539.7485979,2,1,90,62,62,100.00000000000001,0.1062743078657994
1635751539.7485979,9,-131,91,65,64,96.87500000000001,-13.657275522629282
1635751539.7485979,8,-196,92,66,64,96.87500000000001,-19.978654404768985
1635751539.7485979,15,135,90,66,63,98.41269841269843,14.05798553291573
1635751539.7485979,1,66,89,64,63,98.41269841269843,6.979385101571969
1635751540.3537064,3,-64,90,63,63,98.41269841269843,-6.769881767673709
1635751540.3537064,7,-262,93,64,64,96.87500000000001,-25.91825677320866
1635751540.3537064,2,1,90,62,62,100.00000000000001,0.1062743078657994
1635751540.3537064,9,-131,91,65,64,96.87500000000001,-13.657275522629282
1635751540.3537064,15,134,90,65,63,98.41269841269843,13.957937907080732
1635751540.3537064,8,-196,92,66,64,96.87500000000001,-19.978654404768985
1635751540.3537064,1,66,89,63,63,98.41269841269843,6.979385101571969
1635751540.3537064,13,268,89,67,65,95.3846153846154,26.43182263135065
1635751540.7900808,3,-64,90,63,63,98.41269841269843,-6.769881767673709
1635751540.7900808,7,-262,93,64,64,96.87500000000001,-25.91825677320866
1635751540.7900808,9,-131,91,65,64,96.87500000000001,-13.657275522629282
1635751540.7900808,2,1,90,62,62,100.00000000000001,0.1062743078657994
1635751540.7900808,15,135,90,66,63,98.41269841269843,14.05798553291573
1635751540.7900808,8,-196,92,66,64,96.87500000000001,-19.978654404768985
1635751540.7900808,1,66,89,63,63,98.41269841269843,6.979385101571969
1635751540.7900808,13,268,89,67,65,95.3846153846154,26.43182263135065
1635751541.3399498,3,-64,90,63,63,98.41269841269843,-6.769881767673709
1635751541.3399498,7,-262,93,64,64,96.87500000000001,-25.91825677320866
1635751541.3399498,9,-131,91,65,64,96.87500000000001,-13.657275522629282
1635751541.3399498,2,1,90,62,62,100.00000000000001,0.1062743078657994
1635751541.3399498,1,66,89,64,63,98.41269841269843,6.979385101571969
1635751541.3399498,8,-196,92,66,64,96.87500000000001,-19.978654404768985
1635751541.3399498,15,134,90,65,63,98.41269841269843,13.957937907080732
1635751541.3399498,13,269,89,66,65,95.3846153846154,26.516976503255172
1635751541.822896,3,-64,90,63,63,98.41269841269843,-6.769881767673709
1635751541.822896,7,-262,93,64,64,96.87500000000001,-25.91825677320866
1635751541.822896,9,-131,91,65,64,96.87500000000001,-13.657275522629282
1635751541.822896,15,135,90,66,63,98.41269841269843,14.05798553291573
1635751541.822896,2,1,90,62,62,100.00000000000001,0.1062743078657994
1635751541.822896,8,-196,92,66,64,96.87500000000001,-19.978654404768985
1635751541.822896,1,66,89,63,63,98.41269841269843,6.979385101571969
1635751541.822896,13,268,89,67,65,95.3846153846154,26.43182263135065
1635751542.2758758,3,-64,90,63,63,98.41269841269843,-6.769881767673709
1635751542.2758758,7,-262,93,64,64,96.87500000000001,-25.91825677320866
1635751542.2758758,9,-132,91,65,64,96.87500000000001,-13.757582401273247
1635751542.2758758,2,1,90,62,62,100.00000000000001,0.1062743078657994
1635751542.2758758,15,135,90,66,63,98.41269841269843,14.05798553291573
1635751542.2758758,8,-196,92,66,64,96.87500000000001,-19.978654404768985
1635751542.2758758,1,66,89,64,63,98.41269841269843,6.979385101571969
1635751542.2758758,13,268,89,67,65,95.3846153846154,26.43182263135065
1635751542.741921,3,-64,90,63,63,98.41269841269843,-6.769881767673709
1635751542.741921,7,-262,93,64,64,96.87500000000001,-25.91825677320866
1635751542.741921,9,-131,91,65,64,96.87500000000001,-13.657275522629282
1635751542.741921,15,134,90,65,63,98.41269841269843,13.957937907080732
1635751542.741921,2,1,89,62,63,98.41269841269843,0.1062743078657994
1635751542.741921,8,-196,92,66,64,96.87500000000001,-19.978654404768985
1635751542.741921,1,66,89,63,63,98.41269841269843,6.979385101571969
1635751542.741921,13,268,89,67,65,95.3846153846154,26.43182263135065
1635751543.2245243,3,-64,90,63,63,98.41269841269843,-6.769881767673709
1635751543.2245243,7,-262,93,64,64,96.87500000000001,-25.91825677320866
1635751543.2245243,9,-131,91,65,64,96.87500000000001,-13.657275522629282
1635751543.2245243,15,135,90,66,63,98.41269841269843,14.05798553291573
1635751543.2245243,2,1,90,62,62,100.00000000000001,0.1062743078657994
1635751543.2245243,8,-196,92,66,64,96.87500000000001,-19.978654404768985
1635751543.2245243,1,66,89,63,63,98.41269841269843,6.979385101571969
1635751543.2245243,13,268,89,67,65,95.3846153846154,26.43182263135065
1635751543.682704,3,-64,90,63,63,98.41269841269843,-6.769881767673709
1635751543.682704,7,-262,93,64,64,96.87500000000001,-25.91825677320866
1635751543.682704,9,-131,91,65,64,96.87500000000001,-13.657275522629282
1635751543.682704,15,135,90,66,63,98.41269841269843,14.05798553291573
1635751543.682704,2,1,90,62,62,100.00000000000001,0.1062743078657994
1635751543.682704,8,-196,92,66,64,96.87500000000001,-19.978654404768985
1635751543.682704,1,66,89,65,63,98.41269841269843,6.979385101571969
1635751543.682704,13,269,89,66,65,95.3846153846154,26.516976503255172
1635751544.1328967,3,-64,90,63,63,98.41269841269843,-6.769881767673709
1635751544.1328967,7,-262,93,64,64,96.87500000000001,-25.91825677320866
1635751544.1328967,9,-132,91,65,64,96.87500000000001,-13.757582401273247
1635751544.1328967,2,1,90,62,62,100.00000000000001,0.1062743078657994
1635751544.1328967,8,-196,92,66,64,96.87500000000001,-19.978654404768985
1635751544.1328967,15,135,90,66,63,98.41269841269843,14.05798553291573
1635751544.1328967,1,66,89,64,63,98.41269841269843,6.979385101571969
1635751544.1328967,13,269,89,66,65,95.3846153846154,26.516976503255172
1635751544.6917737,3,-64,90,63,63,98.41269841269843,-6.769881767673709
1635751544.6917737,7,-262,93,64,64,96.87500000000001,-25.91825677320866
1635751544.6917737,9,-131,91,64,64,96.87500000000001,-13.657275522629282
1635751544.6917737,15,135,90,66,63,98.41269841269843,14.05798553291573
1635751544.6917737,2,1,90,62,62,100.00000000000001,0.1062743078657994
1635751544.6917737,8,-196,92,66,64,96.87500000000001,-19.978654404768985
1635751544.6917737,1,66,89,63,63,98.41269841269843,6.979385101571969
1635751544.6917737,13,269,89,66,65,95.3846153846154,26.516976503255172
1635751545.2176158,3,-64,90,63,63,98.41269841269843,-6.769881767673709
1635751545.2176158,7,-262,93,64,64,96.87500000000001,-25.91825677320866
1635751545.2176158,9,-131,91,64,64,96.87500000000001,-13.657275522629282
1635751545.2176158,15,135,90,66,63,98.41269841269843,14.05798553291573
1635751545.2176158,2,1,89,62,63,98.41269841269843,0.1062743078657994
1635751545.2176158,8,-196,92,66,64,96.87500000000001,-19.978654404768985
1635751545.2176158,1,66,89,63,63,98.41269841269843,6.979385101571969
1635751545.2176158,13,268,89,67,65,95.3846153846154,26.43182263135065
1635751545.687682,3,-64,90,63,63,98.41269841269843,-6.769881767673709
1635751545.687682,7,-262,93,64,64,96.87500000000001,-25.91825677320866
1635751545.687682,9,-131,91,65,64,96.87500000000001,-13.657275522629282
1635751545.687682,2,1,90,62,62,100.00000000000001,0.1062743078657994
1635751545.687682,15,135,90,66,63,98.41269841269843,14.05798553291573
1635751545.687682,8,-197,92,65,64,96.87500000000001,-20.07246656737335
1635751545.687682,1,66,89,65,63,98.41269841269843,6.979385101571969
1635751546.401442,3,-64,90,63,63,98.41269841269843,-6.769881767673709
1635751546.401442,7,-262,93,64,64,96.87500000000001,-25.91825677320866
1635751546.401442,9,-131,91,65,64,96.87500000000001,-13.657275522629282
1635751546.401442,15,135,90,66,63,98.41269841269843,14.05798553291573
1635751546.401442,2,1,90,62,62,100.00000000000001,0.1062743078657994
1635751546.401442,8,-196,92,66,64,96.87500000000001,-19.978654404768985
1635751546.401442,1,67,89,64,63,98.41269841269843,7.084066830606971
1635751546.401442,13,269,89,66,65,95.3846153846154,26.516976503255172
1635751546.8802612,3,-64,90,63,63,98.41269841269843,-6.769881767673709
1635751546.8802612,7,-262,93,64,64,96.87500000000001,-25.91825677320866
1635751546.8802612,9,-132,91,65,64,96.87500000000001,-13.757582401273247
1635751546.8802612,15,135,90,66,63,98.41269841269843,14.05798553291573
1635751546.8802612,2,1,90,62,62,100.00000000000001,0.1062743078657994
1635751546.8802612,8,-196,92,66,64,96.87500000000001,-19.978654404768985
1635751546.8802612,1,66,89,65,63,98.41269841269843,6.979385101571969
1635751546.8802612,13,269,89,66,65,95.3846153846154,26.516976503255172
1635751547.4273584,3,-64,90,63,63,98.41269841269843,-6.769881767673709
1635751547.4273584,7,-262,93,64,64,96.87500000000001,-25.91825677320866
1635751547.4273584,9,-131,91,65,64,96.87500000000001,-13.657275522629282
1635751547.4273584,2,1,90,62,62,100.00000000000001,0.1062743078657994
1635751547.4273584,15,135,90,66,63,98.41269841269843,14.05798553291573
1635751547.4273584,8,-196,92,66,64,96.87500000000001,-19.978654404768985
1635751547.4273584,1,66,89,63,63,98.41269841269843,6.979385101571969
1635751547.4273584,13,268,89,67,65,95.3846153846154,26.43182263135065
1635751547.9356167,7,-262,93,64,64,96.87500000000001,-25.91825677320866
1635751547.9356167,9,-131,91,64,64,96.87500000000001,-13.657275522629282
1635751547.9356167,3,-64,90,63,63,98.41269841269843,-6.769881767673709
1635751547.9356167,2,1,90,62,62,100.00000000000001,0.1062743078657994
1635751547.9356167,8,-196,92,66,64,96.87500000000001,-19.978654404768985
1635751547.9356167,1,66,89,63,63,98.41269841269843,6.979385101571969
1635751547.9356167,13,269,89,66,65,95.3846153846154,26.516976503255172
1635751548.5010731,3,-64,90,63,63,98.41269841269843,-6.769881767673709
1635751548.5010731,7,-262,93,64,64,96.87500000000001,-25.91825677320866
1635751548.5010731,9,-131,91,64,64,96.87500000000001,-13.657275522629282
1635751548.5010731,15,135,90,66,63,98.41269841269843,14.05798553291573
1635751548.5010731,2,1,90,62,62,100.00000000000001,0.1062743078657994
1635751548.5010731,8,-196,92,66,64,96.87500000000001,-19.978654404768985
1635751548.5010731,1,66,89,63,63,98.41269841269843,6.979385101571969
1635751548.5010731,13,268,89,67,65,95.3846153846154,26.43182263135065
1635751549.0558884,3,-64,90,63,63,98.41269841269843,-6.769881767673709
1635751549.0558884,7,-262,93,64,64,96.87500000000001,-25.91825677320866
1635751549.0558884,9,-131,91,64,64,96.87500000000001,-13.657275522629282
1635751549.0558884,2,1,89,62,63,98.41269841269843,0.1062743078657994
1635751549.0558884,15,135,90,66,63,98.41269841269843,14.05798553291573
1635751549.0558884,8,-196,92,66,64,96.87500000000001,-19.978654404768985
1635751549.0558884,1,66,89,63,63,98.41269841269843,6.979385101571969
1635751549.0558884,13,269,89,65,65,95.3846153846154,26.516976503255172
1635751549.6348565,3,-64,90,63,63,98.41269841269843,-6.769881767673709
1635751549.6348565,7,-262,93,64,65,95.3846153846154,-25.91825677320866
1635751549.6348565,9,-132,91,65,64,96.87500000000001,-13.757582401273247
1635751549.6348565,2,1,90,62,62,100.00000000000001,0.1062743078657994
1635751549.6348565,8,-196,92,66,64,96.87500000000001,-19.978654404768985
1635751549.6348565,15,135,90,66,63,98.41269841269843,14.05798553291573
1635751549.6348565,1,66,89,63,63,98.41269841269843,6.979385101571969
1635751549.6348565,13,268,89,67,65,95.3846153846154,26.43182263135065
1635751550.0874157,3,-64,90,63,63,98.41269841269843,-6.769881767673709
1635751550.0874157,7,-262,93,64,64,96.87500000000001,-25.91825677320866
1635751550.0874157,9,-132,91,65,64,96.87500000000001,-13.757582401273247
1635751550.0874157,15,135,90,66,63,98.41269841269843,14.05798553291573
1635751550.0874157,2,1,89,62,63,98.41269841269843,0.1062743078657994
1635751550.0874157,8,-196,92,66,64,96.87500000000001,-19.978654404768985
1635751550.0874157,13,268,89,67,65,95.3846153846154,26.43182263135065
1635751550.7933738,3,-64,90,63,63,98.41269841269843,-6.769881767673709
1635751550.7933738,7,-262,93,64,64,96.87500000000001,-25.91825677320866
1635751550.7933738,9,-131,91,64,64,96.87500000000001,-13.657275522629282
1635751550.7933738,15,134,90,65,63,98.41269841269843,13.957937907080732
1635751550.7933738,2,1,89,62,63,98.41269841269843,0.1062743078657994
1635751550.7933738,8,-196,92,66,64,96.87500000000001,-19.978654404768985
1635751550.7933738,1,67,89,64,63,98.41269841269843,7.084066830606971
1635751550.7933738,13,269,89,66,65,95.3846153846154,26.516976503255172
1635751551.3169112,3,-64,90,63,63,98.41269841269843,-6.769881767673709
1635751551.3169112,7,-262,93,64,64,96.87500000000001,-25.91825677320866
1635751551.3169112,9,-132,91,65,64,96.87500000000001,-13.757582401273247
1635751551.3169112,15,135,90,66,63,98.41269841269843,14.05798553291573
1635751551.3169112,2,1,90,62,62,100.00000000000001,0.1062743078657994
1635751551.3169112,8,-196,92,66,64,96.87500000000001,-19.978654404768985
1635751551.3169112,1,66,89,64,63,98.41269841269843,6.979385101571969
1635751551.3169112,13,269,89,66,65,95.3846153846154,26.516976503255172
1635751551.8750165,3,-64,90,63,63,98.41269841269843,-6.769881767673709
1635751551.8750165,7,-262,93,64,64,96.87500000000001,-25.91825677320866
1635751551.8750165,9,-132,91,65,64,96.87500000000001,-13.757582401273247
1635751551.8750165,2,1,90,62,62,100.00000000000001,0.1062743078657994
1635751551.8750165,8,-196,92,66,64,96.87500000000001,-19.978654404768985
1635751551.8750165,15,135,90,66,63,98.41269841269843,14.05798553291573
1635751551.8750165,13,268,89,67,65,95.3846153846154,26.43182263135065
1635751552.5321362,3,-64,90,63,63,98.41269841269843,-6.769881767673709
1635751552.5321362,7,-262,93,64,64,96.87500000000001,-25.91825677320866
1635751552.5321362,9,-132,91,65,64,96.87500000000001,-13.757582401273247
1635751552.5321362,2,1,90,62,62,100.00000000000001,0.1062743078657994
1635751552.5321362,8,-196,92,66,64,96.87500000000001,-19.978654404768985
1635751552.5321362,15,134,90,65,63,98.41269841269843,13.957937907080732
1635751552.5321362,1,66,89,63,63,98.41269841269843,6.979385101571969
1635751553.2411032,2,1,90,62,62,100.00000000000001,0.1062743078657994
1635751553.2411032,3,-64,90,63,63,98.41269841269843,-6.769881767673709
1635751553.2411032,7,-262,93,64,64,96.87500000000001,-25.91825677320866
1635751553.2411032,9,-131,91,66,64,96.87500000000001,-13.657275522629282
1635751553.2411032,15,135,90,66,63,98.41269841269843,14.05798553291573
1635751553.2411032,8,-196,92,66,64,96.87500000000001,-19.978654404768985
1635751553.2411032,1,66,89,63,63,98.41269841269843,6.979385101571969
1635751553.9597979,3,-64,90,63,63,98.41269841269843,-6.769881767673709
1635751553.9597979,7,-262,93,64,64,96.87500000000001,-25.91825677320866
1635751553.9597979,9,-132,91,65,64,96.87500000000001,-13.757582401273247
1635751553.9597979,2,1,90,62,62,100.00000000000001,0.1062743078657994
1635751553.9597979,15,135,90,66,63,98.41269841269843,14.05798553291573
1635751553.9597979,8,-196,92,66,64,96.87500000000001,-19.978654404768985
1635751553.9597979,1,67,89,64,63,98.41269841269843,7.084066830606971
1635751553.9597979,13,268,89,67,65,95.3846153846154,26.43182263135065
1635751554.5017698,3,-64,90,63,63,98.41269841269843,-6.769881767673709
1635751554.5017698,7,-262,93,64,64,96.87500000000001,-25.91825677320866
1635751554.5017698,9,-131,91,64,64,96.87500000000001,-13.657275522629282
1635751554.5017698,15,135,90,66,63,98.41269841269843,14.05798553291573
1635751554.5017698,2,1,90,62,62,100.00000000000001,0.1062743078657994
1635751554.5017698,1,66,89,63,63,98.41269841269843,6.979385101571969
1635751554.5017698,8,-196,92,66,64,96.87500000000001,-19.978654404768985
1635751554.5017698,14,202,90,68,64,96.87500000000001,20.53983965738927
1635751554.5017698,13,268,89,67,65,95.3846153846154,26.43182263135065
1635751555.00809,3,-64,90,63,64,96.87500000000001,-6.769881767673709
1635751555.00809,7,-262,93,64,64,96.87500000000001,-25.91825677320866
1635751555.00809,9,-132,91,65,64,96.87500000000001,-13.757582401273247
1635751555.00809,15,135,90,66,63,98.41269841269843,14.05798553291573
1635751555.00809,2,1,90,62,62,100.00000000000001,0.1062743078657994
1635751555.00809,14,202,89,68,65,95.3846153846154,20.53983965738927
1635751555.00809,8,-196,92,66,64,96.87500000000001,-19.978654404768985
1635751555.00809,1,67,89,64,63,98.41269841269843,7.084066830606971
1635751555.00809,13,268,89,67,65,95.3846153846154,26.43182263135065
1635751555.4047034,3,-64,90,63,63,98.41269841269843,-6.769881767673709
1635751555.4047034,7,-262,93,64,64,96.87500000000001,-25.91825677320866
1635751555.4047034,9,-132,91,65,64,96.87500000000001,-13.757582401273247
1635751555.4047034,15,135,90,66,63,98.41269841269843,14.05798553291573
1635751555.4047034,2,1,90,62,62,100.00000000000001,0.1062743078657994
1635751555.4047034,1,66,89,63,63,98.41269841269843,6.979385101571969
1635751555.4047034,8,-196,92,66,64,96.87500000000001,-19.978654404768985
1635751555.4047034,13,268,89,67,65,95.3846153846154,26.43182263135065
1635751555.7906032,3,-64,90,63,63,98.41269841269843,-6.769881767673709
1635751555.7906032,7,-262,93,64,64,96.87500000000001,-25.91825677320866
1635751555.7906032,9,-132,91,65,64,96.87500000000001,-13.757582401273247
1635751555.7906032,2,1,90,62,62,100.00000000000001,0.1062743078657994
1635751555.7906032,15,134,90,65,63,98.41269841269843,13.957937907080732
1635751555.7906032,8,-196,92,66,64,96.87500000000001,-19.978654404768985
1635751555.7906032,14,202,90,68,64,96.87500000000001,20.53983965738927
1635751555.7906032,1,66,89,63,63,98.41269841269843,6.979385101571969
1635751555.7906032,13,268,89,67,65,95.3846153846154,26.43182263135065
1635751556.2415183,3,-64,90,63,64,96.87500000000001,-6.769881767673709
1635751556.2415183,7,-262,93,64,64,96.87500000000001,-25.91825677320866
1635751556.2415183,9,-132,91,65,64,96.87500000000001,-13.757582401273247
1635751556.2415183,2,1,89,62,63,98.41269841269843,0.1062743078657994
1635751556.2415183,8,-196,92,66,64,96.87500000000001,-19.978654404768985
1635751556.2415183,15,134,90,65,63,98.41269841269843,13.957937907080732
1635751556.2415183,1,66,89,63,63,98.41269841269843,6.979385101571969
1635751556.2415183,13,269,89,66,65,95.3846153846154,26.516976503255172
1635751556.8117654,3,-64,90,63,64,96.87500000000001,-6.769881767673709
1635751556.8117654,7,-262,93,64,64,96.87500000000001,-25.91825677320866
1635751556.8117654,9,-132,91,65,64,96.87500000000001,-13.757582401273247
1635751556.8117654,15,135,90,66,63,98.41269841269843,14.05798553291573
1635751556.8117654,2,1,90,62,62,100.00000000000001,0.1062743078657994
1635751556.8117654,8,-196,92,66,64,96.87500000000001,-19.978654404768985
1635751556.8117654,1,67,90,64,64,96.87500000000001,7.084066830606971
1635751556.8117654,13,269,89,66,65,95.3846153846154,26.516976503255172
1635751557.337024,3,-64,90,63,63,98.41269841269843,-6.769881767673709
1635751557.337024,7,-262,93,64,64,96.87500000000001,-25.91825677320866
1635751557.337024,9,-131,91,64,64,96.87500000000001,-13.657275522629282
1635751557.337024,15,135,90,66,63,98.41269841269843,14.05798553291573
1635751557.337024,2,1,90,62,62,100.00000000000001,0.1062743078657994
1635751557.337024,8,-196,92,66,64,96.87500000000001,-19.978654404768985
1635751557.337024,1,66,89,63,63,98.41269841269843,6.979385101571969
1635751557.337024,13,269,89,66,65,95.3846153846154,26.516976503255172
1635751557.8379056,3,-64,90,63,63,98.41269841269843,-6.769881767673709
1635751557.8379056,7,-262,93,64,64,96.87500000000001,-25.91825677320866
1635751557.8379056,9,-131,91,64,64,96.87500000000001,-13.657275522629282
1635751557.8379056,2,1,89,62,63,98.41269841269843,0.1062743078657994
1635751557.8379056,8,-196,92,66,64,96.87500000000001,-19.978654404768985
1635751557.8379056,13,269,89,66,65,95.3846153846154,26.516976503255172
1635751558.5866537,3,-64,90,63,63,98.41269841269843,-6.769881767673709
1635751558.5866537,7,-262,93,64,64,96.87500000000001,-25.91825677320866
1635751558.5866537,9,-132,91,65,64,96.87500000000001,-13.757582401273247
1635751558.5866537,15,135,90,66,63,98.41269841269843,14.05798553291573
1635751558.5866537,2,1,90,62,62,100.00000000000001,0.1062743078657994
1635751558.5866537,8,-196,92,66,64,96.87500000000001,-19.978654404768985
1635751558.5866537,1,67,89,64,63,98.41269841269843,7.084066830606971
1635751558.5866537,13,269,89,66,65,95.3846153846154,26.516976503255172
1635751559.182762,7,-262,93,64,64,96.87500000000001,-25.91825677320866
1635751559.182762,9,-132,91,65,64,96.87500000000001,-13.757582401273247
1635751559.182762,3,-64,90,63,64,96.87500000000001,-6.769881767673709
1635751559.182762,2,1,90,62,62,100.00000000000001,0.1062743078657994
1635751559.182762,8,-196,92,66,64,96.87500000000001,-19.978654404768985
1635751559.182762,1,66,89,63,63,98.41269841269843,6.979385101571969
1635751559.182762,13,268,89,67,65,95.3846153846154,26.43182263135065
1635751559.7796383,3,-64,90,63,63,98.41269841269843,-6.769881767673709
1635751559.7796383,7,-262,93,64,64,96.87500000000001,-25.91825677320866
1635751559.7796383,9,-132,91,65,64,96.87500000000001,-13.757582401273247
1635751559.7796383,2,1,89,62,63,98.41269841269843,0.1062743078657994
1635751559.7796383,8,-196,92,66,64,96.87500000000001,-19.978654404768985
1635751559.7796383,1,67,89,64,63,98.41269841269843,7.084066830606971
1635751559.7796383,13,269,89,66,65,95.3846153846154,26.516976503255172
1635751560.376832,3,-64,90,63,63,98.41269841269843,-6.769881767673709
1635751560.376832,7,-262,93,64,64,96.87500000000001,-25.91825677320866
1635751560.376832,9,-131,91,64,64,96.87500000000001,-13.657275522629282
1635751560.376832,15,135,90,66,63,98.41269841269843,14.05798553291573
1635751560.376832,2,1,89,62,63,98.41269841269843,0.1062743078657994
1635751560.376832,8,-196,92,66,64,96.87500000000001,-19.978654404768985
1635751560.376832,14,203,89,66,65,95.3846153846154,20.632974678473587
1635751560.376832,1,66,89,63,63,98.41269841269843,6.979385101571969
1635751560.376832,13,268,89,67,65,95.3846153846154,26.43182263135065
1635751560.7446249,3,-64,90,63,63,98.41269841269843,-6.769881767673709
1635751560.7446249,7,-262,93,64,64,96.87500000000001,-25.91825677320866
1635751560.7446249,9,-132,91,65,64,96.87500000000001,-13.757582401273247
1635751560.7446249,15,135,90,66,63,98.41269841269843,14.05798553291573
1635751560.7446249,2,1,89,62,63,98.41269841269843,0.1062743078657994
1635751560.7446249,8,-197,92,65,64,96.87500000000001,-20.07246656737335
1635751560.7446249,14,201,89,67,65,95.3846153846154,20.44659105159719
1635751560.7446249,1,66,89,63,63,98.41269841269843,6.979385101571969
1635751560.7446249,13,269,89,66,65,95.3846153846154,26.516976503255172
1635751561.2549171,3,-64,90,63,63,98.41269841269843,-6.769881767673709
1635751561.2549171,7,-262,94,64,66,93.93939393939395,-25.91825677320866
1635751561.2549171,9,-132,91,65,64,96.87500000000001,-13.757582401273247
1635751561.2549171,2,1,89,62,63,98.41269841269843,0.1062743078657994
1635751561.2549171,15,135,90,66,63,98.41269841269843,14.05798553291573
1635751561.2549171,1,66,89,63,63,98.41269841269843,6.979385101571969
1635751561.2549171,8,-197,92,65,64,96.87500000000001,-20.07246656737335
1635751561.2549171,13,268,89,67,65,95.3846153846154,26.43182263135065
1635751561.7809346,3,-64,90,63,63,98.41269841269843,-6.769881767673709
1635751561.7809346,7,-262,93,64,64,96.87500000000001,-25.91825677320866
1635751561.7809346,9,-131,91,64,64,96.87500000000001,-13.657275522629282
1635751561.7809346,2,1,89,62,63,98.41269841269843,0.1062743078657994
1635751561.7809346,15,135,90,66,63,98.41269841269843,14.05798553291573
1635751561.7809346,14,202,90,68,64,96.87500000000001,20.53983965738927
1635751561.7809346,8,-197,92,65,64,96.87500000000001,-20.07246656737335
1635751561.7809346,1,67,89,64,63,98.41269841269843,7.084066830606971
1635751562.3374972,3,-64,90,63,64,96.87500000000001,-6.769881767673709
1635751562.3374972,7,-262,93,64,64,96.87500000000001,-25.91825677320866
1635751562.3374972,9,-131,91,64,64,96.87500000000001,-13.657275522629282
1635751562.3374972,2,1,90,62,62,100.00000000000001,0.1062743078657994
1635751562.3374972,15,135,90,66,63,98.41269841269843,14.05798553291573
1635751562.3374972,1,66,89,63,63,98.41269841269843,6.979385101571969
1635751562.3374972,8,-196,92,66,64,96.87500000000001,-19.978654404768985
1635751562.3374972,13,269,89,66,65,95.3846153846154,26.516976503255172
1635751562.898772,3,-64,90,63,64,96.87500000000001,-6.769881767673709
1635751562.898772,7,-262,93,64,64,96.87500000000001,-25.91825677320866
1635751562.898772,9,-132,91,65,64,96.87500000000001,-13.757582401273247
1635751562.898772,15,135,90,66,63,98.41269841269843,14.05798553291573
1635751562.898772,2,1,90,62,62,100.00000000000001,0.1062743078657994
1635751562.898772,8,-197,92,65,64,96.87500000000001,-20.07246656737335
1635751562.898772,1,66,89,63,63,98.41269841269843,6.979385101571969
1635751562.898772,13,269,89,66,65,95.3846153846154,26.516976503255172
1635751563.3367057,3,-64,90,63,63,98.41269841269843,-6.769881767673709
1635751563.3367057,7,-262,93,64,64,96.87500000000001,-25.91825677320866
1635751563.3367057,9,-132,91,65,64,96.87500000000001,-13.757582401273247
1635751563.3367057,15,135,90,66,63,98.41269841269843,14.05798553291573
1635751563.3367057,2,1,89,62,63,98.41269841269843,0.1062743078657994
1635751563.3367057,8,-196,92,66,64,96.87500000000001,-19.978654404768985
1635751563.3367057,1,66,89,63,63,98.41269841269843,6.979385101571969
1635751563.3367057,13,269,89,66,65,95.3846153846154,26.516976503255172
1635751563.80354,3,-64,90,63,64,96.87500000000001,-6.769881767673709
1635751563.80354,7,-262,93,64,64,96.87500000000001,-25.91825677320866
1635751563.80354,9,-132,91,65,64,96.87500000000001,-13.757582401273247
1635751563.80354,15,135,90,66,63,98.41269841269843,14.05798553291573
1635751563.80354,2,1,89,62,63,98.41269841269843,0.1062743078657994
1635751563.80354,8,-197,92,65,64,96.87500000000001,-20.07246656737335
1635751563.80354,1,67,89,64,63,98.41269841269843,7.084066830606971
1635751563.80354,13,269,89,66,65,95.3846153846154,26.516976503255172
1635751564.299824,3,-64,90,63,63,98.41269841269843,-6.769881767673709
1635751564.299824,7,-262,93,64,64,96.87500000000001,-25.91825677320866
1635751564.299824,9,-131,91,64,64,96.87500000000001,-13.657275522629282
1635751564.299824,15,135,90,66,63,98.41269841269843,14.05798553291573
1635751564.299824,2,1,89,62,63,98.41269841269843,0.1062743078657994
1635751564.299824,8,-196,92,66,64,96.87500000000001,-19.978654404768985
1635751564.299824,1,66,89,63,63,98.41269841269843,6.979385101571969
1635751564.299824,13,269,89,66,65,95.3846153846154,26.516976503255172
1635751564.844682,3,-64,90,63,63,98.41269841269843,-6.769881767673709
1635751564.844682,7,-262,93,64,64,96.87500000000001,-25.91825677320866
1635751564.844682,9,-132,91,65,64,96.87500000000001,-13.757582401273247
1635751564.844682,15,135,90,66,63,98.41269841269843,14.05798553291573
1635751564.844682,2,1,89,62,63,98.41269841269843,0.1062743078657994
1635751564.844682,8,-196,92,66,64,96.87500000000001,-19.978654404768985
1635751564.844682,1,66,89,63,63,98.41269841269843,6.979385101571969
1635751564.844682,13,269,89,65,65,95.3846153846154,26.516976503255172
1635751565.3470867,3,-64,90,63,64,96.87500000000001,-6.769881767673709
1635751565.3470867,7,-262,93,64,64,96.87500000000001,-25.91825677320866
1635751565.3470867,9,-132,91,65,64,96.87500000000001,-13.757582401273247
1635751565.3470867,15,135,90,66,63,98.41269841269843,14.05798553291573
1635751565.3470867,2,1,90,62,62,100.00000000000001,0.1062743078657994
1635751565.3470867,8,-196,92,66,64,96.87500000000001,-19.978654404768985
1635751565.3470867,1,66,89,63,63,98.41269841269843,6.979385101571969
1635751565.3470867,13,269,89,66,65,95.3846153846154,26.516976503255172
1635751565.8734624,3,-64,90,63,64,96.87500000000001,-6.769881767673709
1635751565.8734624,7,-262,93,64,64,96.87500000000001,-25.91825677320866
1635751565.8734624,9,-132,91,65,64,96.87500000000001,-13.757582401273247
1635751565.8734624,15,135,90,66,63,98.41269841269843,14.05798553291573
1635751565.8734624,2,1,90,62,62,100.00000000000001,0.1062743078657994
1635751565.8734624,14,203,89,66,65,95.3846153846154,20.632974678473587
1635751565.8734624,8,-197,92,65,64,96.87500000000001,-20.07246656737335
1635751565.8734624,1,66,89,63,63,98.41269841269843,6.979385101571969
1635751566.522465,3,-64,90,63,64,96.87500000000001,-6.769881767673709
1635751566.522465,7,-262,93,64,64,96.87500000000001,-25.91825677320866
1635751566.522465,9,-132,91,65,64,96.87500000000001,-13.757582401273247
1635751566.522465,2,1,89,62,63,98.41269841269843,0.1062743078657994
1635751566.522465,8,-196,92,66,64,96.87500000000001,-19.978654404768985
1635751566.522465,15,135,90,66,63,98.41269841269843,14.05798553291573
1635751566.522465,1,66,89,64,63,98.41269841269843,6.979385101571969
1635751566.522465,13,269,89,66,65,95.3846153846154,26.516976503255172
1635751567.0892901,3,-64,90,63,63,98.41269841269843,-6.769881767673709
1635751567.0892901,9,-131,91,64,64,96.87500000000001,-13.657275522629282
1635751567.0892901,15,135,90,66,63,98.41269841269843,14.05798553291573
1635751567.0892901,2,1,89,62,63,98.41269841269843,0.1062743078657994
1635751567.0892901,7,-262,93,64,64,96.87500000000001,-25.91825677320866
1635751567.0892901,8,-196,92,66,64,96.87500000000001,-19.978654404768985
1635751567.0892901,1,66,89,63,63,98.41269841269843,6.979385101571969
1635751567.0892901,13,268,89,67,65,95.3846153846154,26.43182263135065
1635751567.7905886,3,-64,90,63,64,96.87500000000001,-6.769881767673709
1635751567.7905886,7,-262,93,64,64,96.87500000000001,-25.91825677320866
1635751567.7905886,9,-131,91,64,64,96.87500000000001,-13.657275522629282
1635751567.7905886,15,134,90,65,63,98.41269841269843,13.957937907080732
1635751567.7905886,2,1,89,62,63,98.41269841269843,0.1062743078657994
1635751567.7905886,8,-196,92,66,64,96.87500000000001,-19.978654404768985
1635751567.7905886,1,66,89,63,63,98.41269841269843,6.979385101571969
1635751567.7905886,13,269,89,66,65,95.3846153846154,26.516976503255172
1635751568.3951015,3,-64,90,63,64,96.87500000000001,-6.769881767673709
1635751568.3951015,7,-262,93,64,64,96.87500000000001,-25.91825677320866
1635751568.3951015,2,1,89,62,63,98.41269841269843,0.1062743078657994
1635751568.3951015,9,-132,91,65,64,96.87500000000001,-13.757582401273247
1635751568.3951015,15,134,90,65,63,98.41269841269843,13.957937907080732
1635751568.3951015,8,-196,92,66,64,96.87500000000001,-19.978654404768985
1635751568.3951015,1,66,89,63,63,98.41269841269843,6.979385101571969
1635751568.3951015,13,268,89,67,65,95.3846153846154,26.43182263135065
