1635751750.5726585,10,20,94,78,79,78.48101265822785,2.124514387441452
1635751750.5726585,11,101,94,82,80,77.50000000000001,10.610727614582158
1635751750.5726585,12,185,94,87,81,76.54320987654322,18.939409542593506
1635751750.5726585,16,272,94,89,82,75.60975609756099,26.771681119286118
1635751751.3800485,10,19,95,77,78,79.4871794871795,2.018378836856321
1635751751.3800485,11,100,94,83,80,77.50000000000001,10.508022140232413
1635751751.3800485,12,185,94,87,81,76.54320987654322,18.939409542593506
1635751751.3800485,16,272,94,89,82,75.60975609756099,26.771681119286118
1635751751.7991664,10,20,95,78,78,79.4871794871795,2.124514387441452
1635751751.7991664,11,100,94,83,80,77.50000000000001,10.508022140232413
1635751751.7991664,16,272,94,89,82,75.60975609756099,26.771681119286118
1635751751.7991664,12,185,94,87,81,76.54320987654322,18.939409542593506
1635751752.3131113,10,20,94,78,79,78.48101265822785,2.124514387441452
1635751752.3131113,11,100,94,83,80,77.50000000000001,10.508022140232413
1635751752.3131113,12,185,94,87,81,76.54320987654322,18.939409542593506
1635751752.3131113,16,272,94,89,82,75.60975609756099,26.771681119286118
1635751752.8254979,10,20,94,78,79,78.48101265822785,2.124514387441452
1635751752.8254979,11,101,94,82,80,77.50000000000001,10.610727614582158
1635751752.8254979,12,185,94,87,81,76.54320987654322,18.939409542593506
1635751752.8254979,16,273,94,90,82,75.60975609756099,26.856330020488013
1635751753.368866,10,20,95,78,78,79.4871794871795,2.124514387441452
1635751753.368866,11,100,94,83,80,77.50000000000001,10.508022140232413
1635751753.368866,12,185,94,87,81,76.54320987654322,18.939409542593506
1635751753.368866,16,272,94,89,82,75.60975609756099,26.771681119286118
1635751753.8533268,10,20,95,78,78,79.4871794871795,2.124514387441452
1635751753.8533268,11,100,94,83,80,77.50000000000001,10.508022140232413
1635751753.8533268,12,185,94,87,81,76.54320987654322,18.939409542593506
1635751753.8533268,16,272,94,89,82,75.60975609756099,26.771681119286118
1635751754.3121376,10,20,95,78,78,79.4871794871795,2.124514387441452
1635751754.3121376,11,101,94,82,80,77.50000000000001,10.610727614582158
1635751754.3121376,16,272,94,89,82,75.60975609756099,26.771681119286118
1635751754.3121376,12,185,94,87,81,76.54320987654322,18.939409542593506
1635751754.8230124,10,20,95,78,78,79.4871794871795,2.124514387441452
1635751754.8230124,11,100,94,83,80,77.50000000000001,10.508022140232413
1635751754.8230124,16,273,94,90,82,75.60975609756099,26.856330020488013
1635751754.8230124,12,185,94,87,81,76.54320987654322,18.939409542593506
1635751755.2932127,10,20,94,78,79,78.48101265822785,2.124514387441452
1635751755.2932127,11,100,94,83,80,77.50000000000001,10.508022140232413
1635751755.2932127,16,272,94,89,82,75.60975609756099,26.771681119286118
1635751755.2932127,12,185,94,87,81,76.54320987654322,18.939409542593506
1635751755.7620764,10,20,94,78,79,78.48101265822785,2.124514387441452
1635751755.7620764,11,100,94,83,80,77.50000000000001,10.508022140232413
1635751755.7620764,16,272,94,89,82,75.60975609756099,26.771681119286118
1635751755.7620764,12,185,94,87,81,76.54320987654322,18.939409542593506
1635751756.2244437,10,19,95,77,78,79.4871794871795,2.018378836856321
1635751756.2244437,11,101,94,82,81,76.54320987654322,10.610727614582158
1635751756.2244437,16,272,94,89,82,75.60975609756099,26.771681119286118
1635751756.2244437,12,185,94,87,81,76.54320987654322,18.939409542593506
1635751756.7063854,11,100,94,83,81,76.54320987654322,10.508022140232413
1635751756.7063854,16,272,94,89,82,75.60975609756099,26.771681119286118
1635751756.7063854,12,185,94,87,81,76.54320987654322,18.939409542593506
1635751757.1903937,10,20,95,78,78,79.4871794871795,2.124514387441452
1635751757.1903937,11,100,94,83,81,76.54320987654322,10.508022140232413
1635751757.1903937,12,185,94,87,81,76.54320987654322,18.939409542593506
1635751757.1903937,16,272,94,89,82,75.60975609756099,26.771681119286118
1635751757.6777046,10,20,95,78,78,79.4871794871795,2.124514387441452
1635751757.6777046,11,101,94,82,80,77.50000000000001,10.610727614582158
1635751757.6777046,12,185,94,87,81,76.54320987654322,18.939409542593506
1635751757.6777046,16,272,94,89,82,75.60975609756099,26.771681119286118
1635751758.1400404,10,20,95,78,78,79.4871794871795,2.124514387441452
1635751758.1400404,11,100,94,83,81,76.54320987654322,10.508022140232413
1635751758.1400404,16,272,94,89,82,75.60975609756099,26.771681119286118
1635751758.1400404,12,185,94,87,81,76.54320987654322,18.939409542593506
1635751758.618145,10,19,95,77,78,79.4871794871795,2.018378836856321
1635751758.618145,11,100,94,83,80,77.50000000000001,10.508022140232413
1635751758.618145,12,185,94,87,81,76.54320987654322,18.939409542593506
1635751758.618145,16,272,94,89,82,75.60975609756099,26.771681119286118
1635751759.1252217,10,20,95,78,78,79.4871794871795,2.124514387441452
1635751759.1252217,11,100,94,83,81,76.54320987654322,10.508022140232413
1635751759.1252217,16,272,94,89,82,75.60975609756099,26.771681119286118
1635751759.1252217,12,185,94,87,81,76.54320987654322,18.939409542593506
1635751759.6305203,10,20,95,78,78,79.4871794871795,2.124514387441452
1635751759.6305203,11,100,94,83,80,77.50000000000001,10.508022140232413
1635751759.6305203,16,272,94,89,82,75.60975609756099,26.771681119286118
1635751759.6305203,12,185,94,87,81,76.54320987654322,18.939409542593506
1635751760.132581,10,19,94,77,79,78.48101265822785,2.018378836856321
1635751760.132581,11,100,94,83,81,76.54320987654322,10.508022140232413
1635751760.132581,16,272,94,89,82,75.60975609756099,26.771681119286118
1635751760.132581,12,185,94,87,81,76.54320987654322,18.939409542593506
1635751760.6085193,10,20,95,78,78,79.4871794871795,2.124514387441452
1635751760.6085193,11,100,94,83,81,76.54320987654322,10.508022140232413
1635751760.6085193,12,185,94,87,81,76.54320987654322,18.939409542593506
1635751760.6085193,16,273,94,90,82,75.60975609756099,26.856330020488013
1635751761.112312,10,19,95,77,78,79.4871794871795,2.018378836856321
1635751761.112312,11,100,94,83,80,77.50000000000001,10.508022140232413
1635751761.112312,12,185,94,87,81,76.54320987654322,18.939409542593506
1635751761.112312,16,272,94,89,82,75.60975609756099,26.771681119286118
1635751761.5825427,10,20,95,78,78,79.4871794871795,2.124514387441452
1635751761.5825427,11,101,94,82,81,76.54320987654322,10.610727614582158
1635751761.5825427,16,273,94,90,82,75.60975609756099,26.856330020488013
1635751761.5825427,12,185,94,87,81,76.54320987654322,18.939409542593506
1635751762.0660856,10,19,95,77,78,79.4871794871795,2.018378836856321
1635751762.0660856,11,100,94,83,81,76.54320987654322,10.508022140232413
1635751762.0660856,16,272,94,89,82,75.60975609756099,26.771681119286118
1635751762.0660856,12,185,94,87,81,76.54320987654322,18.939409542593506
1635751762.5635583,10,19,95,77,78,79.4871794871795,2.018378836856321
1635751762.5635583,11,101,94,82,80,77.50000000000001,10.610727614582158
1635751762.5635583,12,185,94,87,81,76.54320987654322,18.939409542593506
1635751762.5635583,16,272,94,89,82,75.60975609756099,26.771681119286118
1635751763.0245059,10,20,95,78,78,79.4871794871795,2.124514387441452
1635751763.0245059,11,100,94,83,80,77.50000000000001,10.508022140232413
1635751763.0245059,16,272,94,89,82,75.60975609756099,26.771681119286118
1635751763.0245059,12,185,94,87,81,76.54320987654322,18.939409542593506
1635751763.5152857,10,20,95,78,78,79.4871794871795,2.124514387441452
1635751763.5152857,11,100,94,83,80,77.50000000000001,10.508022140232413
1635751763.5152857,12,185,94,87,81,76.54320987654322,18.939409542593506
1635751763.5152857,16,273,94,90,82,75.60975609756099,26.856330020488013
1635751764.0118127,10,19,95,77,78,79.4871794871795,2.018378836856321
1635751764.0118127,11,100,94,83,81,76.54320987654322,10.508022140232413
1635751764.0118127,16,273,94,90,82,75.60975609756099,26.856330020488013
1635751764.0118127,12,185,94,87,81,76.54320987654322,18.939409542593506
1635751764.527562,11,100,94,83,80,77.50000000000001,10.508022140232413
1635751764.527562,10,20,95,78,78,79.4871794871795,2.124514387441452
1635751764.527562,16,273,94,90,82,75.60975609756099,26.856330020488013
1635751764.527562,12,185,94,87,81,76.54320987654322,18.939409542593506
1635751765.0135965,10,20,95,78,78,79.4871794871795,2.124514387441452
1635751765.0135965,11,100,94,83,81,76.54320987654322,10.508022140232413
1635751765.0135965,16,272,94,89,82,75.60975609756099,26.771681119286118
1635751765.0135965,12,185,94,87,81,76.54320987654322,18.939409542593506
1635751765.486636,10,20,94,78,79,78.48101265822785,2.124514387441452
1635751765.486636,11,100,94,83,80,77.50000000000001,10.508022140232413
1635751765.486636,12,185,94,87,81,76.54320987654322,18.939409542593506
1635751765.486636,16,272,94,89,82,75.60975609756099,26.771681119286118
1635751765.966942,10,20,95,78,78,79.4871794871795,2.124514387441452
1635751765.966942,11,100,94,83,80,77.50000000000001,10.508022140232413
1635751765.966942,16,272,94,89,82,75.60975609756099,26.771681119286118
1635751765.966942,12,185,94,87,81,76.54320987654322,18.939409542593506
1635751766.4987378,10,20,95,78,78,79.4871794871795,2.124514387441452
1635751766.4987378,11,100,94,83,80,77.50000000000001,10.508022140232413
1635751766.4987378,12,185,94,87,81,76.54320987654322,18.939409542593506
1635751766.4987378,16,273,94,90,82,75.60975609756099,26.856330020488013
1635751766.9723976,10,20,95,78,78,79.4871794871795,2.124514387441452
1635751766.9723976,11,100,94,83,81,76.54320987654322,10.508022140232413
1635751766.9723976,16,272,94,91,82,75.60975609756099,26.771681119286118
1635751766.9723976,12,185,94,87,81,76.54320987654322,18.939409542593506
1635751767.4770682,10,19,95,77,78,79.4871794871795,2.018378836856321
1635751767.4770682,11,100,94,83,81,76.54320987654322,10.508022140232413
1635751767.4770682,16,272,94,89,82,75.60975609756099,26.771681119286118
1635751767.4770682,12,185,94,87,81,76.54320987654322,18.939409542593506
1635751767.9966211,10,19,95,77,78,79.4871794871795,2.018378836856321
1635751767.9966211,11,100,94,83,80,77.50000000000001,10.508022140232413
1635751767.9966211,16,272,94,89,82,75.60975609756099,26.771681119286118
1635751767.9966211,12,185,94,88,81,76.54320987654322,18.939409542593506
1635751768.5036793,10,19,95,77,78,79.4871794871795,2.018378836856321
1635751768.5036793,11,100,94,83,80,77.50000000000001,10.508022140232413
1635751768.5036793,16,272,94,89,82,75.60975609756099,26.771681119286118
1635751768.5036793,12,185,94,87,81,76.54320987654322,18.939409542593506
1635751769.003748,10,19,95,77,78,79.4871794871795,2.018378836856321
1635751769.003748,11,100,94,83,80,77.50000000000001,10.508022140232413
1635751769.003748,12,185,94,87,81,76.54320987654322,18.939409542593506
1635751769.003748,16,273,94,90,82,75.60975609756099,26.856330020488013
1635751769.5163517,10,19,95,77,78,79.4871794871795,2.018378836856321
1635751769.5163517,12,185,94,87,81,76.54320987654322,18.939409542593506
1635751769.5163517,11,101,94,82,80,77.50000000000001,10.610727614582158
1635751769.5163517,16,272,94,90,82,75.60975609756099,26.771681119286118
1635751770.0651464,10,20,94,78,79,78.48101265822785,2.124514387441452
1635751770.0651464,11,101,94,82,80,77.50000000000001,10.610727614582158
1635751770.0651464,16,273,94,90,82,75.60975609756099,26.856330020488013
1635751770.0651464,12,185,94,87,81,76.54320987654322,18.939409542593506
1635751770.534173,10,19,95,77,78,79.4871794871795,2.018378836856321
1635751770.534173,11,100,94,83,81,76.54320987654322,10.508022140232413
1635751770.534173,16,272,94,89,82,75.60975609756099,26.771681119286118
1635751770.534173,12,185,94,87,81,76.54320987654322,18.939409542593506
1635751771.009853,10,19,95,77,78,79.4871794871795,2.018378836856321
1635751771.009853,11,100,94,83,80,77.50000000000001,10.508022140232413
1635751771.009853,12,185,94,87,81,76.54320987654322,18.939409542593506
1635751771.009853,16,272,94,89,82,75.60975609756099,26.771681119286118
1635751771.5093975,10,20,94,78,79,78.48101265822785,2.124514387441452
1635751771.5093975,11,101,94,82,80,77.50000000000001,10.610727614582158
1635751771.5093975,12,185,94,87,81,76.54320987654322,18.939409542593506
1635751771.5093975,16,272,94,89,82,75.60975609756099,26.771681119286118
1635751771.9836094,10,19,94,77,79,78.48101265822785,2.018378836856321
1635751771.9836094,11,100,94,83,80,77.50000000000001,10.508022140232413
1635751771.9836094,12,185,94,87,81,76.54320987654322,18.939409542593506
1635751771.9836094,16,272,94,89,82,75.60975609756099,26.771681119286118
1635751772.4189165,10,20,95,78,78,79.4871794871795,2.124514387441452
1635751772.4189165,11,100,94,83,80,77.50000000000001,10.508022140232413
1635751772.4189165,16,273,94,90,82,75.60975609756099,26.856330020488013
1635751772.4189165,12,185,94,88,81,76.54320987654322,18.939409542593506
1635751772.8838222,10,20,95,78,78,79.4871794871795,2.124514387441452
1635751772.8838222,11,100,94,83,81,76.54320987654322,10.508022140232413
1635751772.8838222,16,272,94,89,82,75.60975609756099,26.771681119286118
1635751772.8838222,12,185,94,87,81,76.54320987654322,18.939409542593506
1635751773.3762972,10,19,94,77,79,78.48101265822785,2.018378836856321
1635751773.3762972,11,101,94,82,80,77.50000000000001,10.610727614582158
1635751773.3762972,16,272,94,90,82,75.60975609756099,26.771681119286118
1635751773.3762972,12,185,94,87,81,76.54320987654322,18.939409542593506
1635751773.8563957,10,19,94,77,79,78.48101265822785,2.018378836856321
1635751773.8563957,11,100,94,83,80,77.50000000000001,10.508022140232413
1635751773.8563957,12,185,94,87,81,76.54320987654322,18.939409542593506
1635751773.8563957,16,272,94,89,82,75.60975609756099,26.771681119286118
1635751774.359492,10,19,94,77,79,78.48101265822785,2.018378836856321
1635751774.359492,11,100,94,83,80,77.50000000000001,10.508022140232413
1635751774.359492,16,272,94,89,82,75.60975609756099,26.771681119286118
1635751774.359492,12,185,94,88,81,76.54320987654322,18.939409542593506
1635751774.8496892,10,19,95,77,78,79.4871794871795,2.018378836856321
1635751774.8496892,11,100,94,83,80,77.50000000000001,10.508022140232413
1635751774.8496892,16,272,94,89,82,75.60975609756099,26.771681119286118
1635751774.8496892,12,185,94,87,81,76.54320987654322,18.939409542593506
1635751775.3768673,10,19,95,77,78,79.4871794871795,2.018378836856321
1635751775.3768673,11,100,94,83,80,77.50000000000001,10.508022140232413
1635751775.3768673,16,272,94,89,82,75.60975609756099,26.771681119286118
1635751775.3768673,12,185,94,88,81,76.54320987654322,18.939409542593506
1635751775.8804042,10,20,95,78,78,79.4871794871795,2.124514387441452
1635751775.8804042,11,100,94,83,80,77.50000000000001,10.508022140232413
1635751775.8804042,12,185,94,87,81,76.54320987654322,18.939409542593506
1635751775.8804042,16,272,94,89,82,75.60975609756099,26.771681119286118
1635751776.4176567,10,19,95,77,78,79.4871794871795,2.018378836856321
1635751776.4176567,11,100,94,83,80,77.50000000000001,10.508022140232413
1635751776.4176567,16,273,94,90,82,75.60975609756099,26.856330020488013
1635751776.4176567,12,185,94,88,81,76.54320987654322,18.939409542593506
1635751776.9209306,10,20,94,78,79,78.48101265822785,2.124514387441452
1635751776.9209306,11,100,94,83,80,77.50000000000001,10.508022140232413
1635751776.9209306,16,273,94,90,82,75.60975609756099,26.856330020488013
1635751776.9209306,12,185,94,87,81,76.54320987654322,18.939409542593506
1635751777.466554,10,19,94,77,79,78.48101265822785,2.018378836856321
1635751777.466554,11,100,94,83,80,77.50000000000001,10.508022140232413
1635751777.466554,12,185,94,87,81,76.54320987654322,18.939409542593506
1635751777.466554,16,272,94,89,82,75.60975609756099,26.771681119286118
1635751778.0404375,10,19,94,77,79,78.48101265822785,2.018378836856321
1635751778.0404375,11,100,94,83,80,77.50000000000001,10.508022140232413
1635751778.0404375,16,273,94,90,82,75.60975609756099,26.856330020488013
1635751778.0404375,12,185,94,87,81,76.54320987654322,18.939409542593506
1635751778.5124266,10,19,95,77,78,79.4871794871795,2.018378836856321
1635751778.5124266,11,100,94,83,80,77.50000000000001,10.508022140232413
1635751778.5124266,16,272,94,89,82,75.60975609756099,26.771681119286118
1635751778.5124266,12,185,94,87,81,76.54320987654322,18.939409542593506
1635751778.9886897,10,20,95,78,78,79.4871794871795,2.124514387441452
1635751778.9886897,11,100,94,83,80,77.50000000000001,10.508022140232413
1635751778.9886897,12,185,94,87,81,76.54320987654322,18.939409542593506
1635751778.9886897,16,272,94,89,82,75.60975609756099,26.771681119286118
1635751779.4709167,10,19,95,77,78,79.4871794871795,2.018378836856321
1635751779.4709167,11,100,94,83,80,77.50000000000001,10.508022140232413
1635751779.4709167,16,272,94,89,82,75.60975609756099,26.771681119286118
1635751779.4709167,12,185,94,87,81,76.54320987654322,18.939409542593506
1635751779.9599226,10,19,94,77,79,78.48101265822785,2.018378836856321
1635751779.9599226,11,100,94,83,80,77.50000000000001,10.508022140232413
1635751779.9599226,16,273,94,90,82,75.60975609756099,26.856330020488013
1635751779.9599226,12,185,94,87,81,76.54320987654322,18.939409542593506
1635751780.5063305,10,19,95,77,78,79.4871794871795,2.018378836856321
1635751780.5063305,11,100,94,83,80,77.50000000000001,10.508022140232413
1635751780.5063305,16,272,94,89,82,75.60975609756099,26.771681119286118
1635751780.5063305,12,185,94,87,81,76.54320987654322,18.939409542593506
1635751781.0027237,10,20,95,78,78,79.4871794871795,2.124514387441452
1635751781.0027237,11,100,94,83,80,77.50000000000001,10.508022140232413
1635751781.0027237,12,185,94,88,81,76.54320987654322,18.939409542593506
1635751781.0027237,16,272,94,89,82,75.60975609756099,26.771681119286118
1635751781.449109,10,19,94,77,79,78.48101265822785,2.018378836856321
1635751781.449109,11,100,94,83,80,77.50000000000001,10.508022140232413
1635751781.449109,16,272,94,89,82,75.60975609756099,26.771681119286118
1635751781.449109,12,185,94,87,81,76.54320987654322,18.939409542593506
1635751781.943652,10,19,95,77,78,79.4871794871795,2.018378836856321
1635751781.943652,11,100,94,83,79,78.48101265822785,10.508022140232413
1635751781.943652,12,185,94,87,81,76.54320987654322,18.939409542593506
1635751781.943652,16,272,94,89,82,75.60975609756099,26.771681119286118
1635751782.4149497,10,57,94,82,80,77.50000000000001,6.03522200610085
1635751782.4149497,11,141,94,89,82,75.60975609756099,14.656418438272837
1635751782.4149497,12,230,94,95,84,73.80952380952382,23.103720798874804
1635751782.678003,10,87,95,84,83,74.6987951807229,9.16685046013392
1635751782.678003,11,174,94,92,85,72.94117647058825,17.887066461315495
1635751782.678003,12,267,93,99,87,71.26436781609196,26.34654275119931
1635751783.039406,10,89,97,87,86,72.09302325581396,9.373883203052992
1635751783.039406,11,179,96,97,88,70.45454545454547,18.36699878105277
1635751783.039406,12,276,95,102,90,68.8888888888889,27.109517603157183
1635751783.4073532,10,81,97,89,87,71.26436781609196,8.54432198150461
1635751783.4073532,11,174,96,98,89,69.66292134831461,17.887066461315495
1635751783.4073532,12,273,96,105,93,66.66666666666667,26.856330020488013
1635751783.70197,10,64,97,89,88,70.45454545454547,6.769881767673709
1635751783.70197,11,156,96,97,91,68.13186813186815,16.138055708620733
1635751783.70197,12,254,96,103,92,67.3913043478261,25.226485996516757
1635751784.0334613,10,42,98,89,90,68.8888888888889,4.454529204005441
1635751784.0334613,11,135,96,96,91,68.13186813186815,14.05798553291573
1635751784.0334613,12,233,96,102,92,67.3913043478261,23.372910562377935
1635751784.3833554,10,40,99,92,92,67.3913043478261,4.243202757619135
1635751784.3833554,11,135,98,99,94,65.95744680851065,14.05798553291573
1635751784.3833554,12,235,97,105,95,65.26315789473685,23.551765868612073
1635751784.7977338,10,41,98,96,95,65.26315789473685,4.348880799665057
1635751784.7977338,11,140,98,104,97,63.917525773195884,14.556902633910628
1635751784.7977338,12,244,97,109,99,62.62626262626264,24.350587059891964
1635751785.192876,10,40,99,99,100,62.00000000000001,4.243202757619135
1635751785.192876,12,253,98,114,103,60.194174757281566,25.139453540730653
1635751785.192876,11,144,99,108,102,60.78431372549021,14.95442198679177
1635751785.5406835,10,21,99,101,102,60.78431372549021,2.2306353530719227
1635751785.5406835,11,126,98,107,103,60.194174757281566,13.154470165334144
1635751785.5406835,12,235,97,113,105,59.04761904761906,23.551765868612073
1635751785.8200147,10,17,99,104,105,59.04761904761906,1.806066883527694
1635751785.8200147,12,235,97,115,107,57.94392523364487,23.551765868612073
1635751785.8200147,11,124,98,110,106,58.49056603773586,12.952764513375518
1635751786.2199426,10,17,99,108,109,56.88073394495414,1.806066883527694
1635751786.2199426,11,129,99,116,110,56.363636363636374,13.456406039455286
1635751786.2199426,12,245,98,121,112,55.35714285714287,24.438732622188876
1635751786.565321,10,17,101,113,114,54.38596491228071,1.806066883527694
1635751786.565321,11,134,99,121,115,53.913043478260875,13.957937907080732
1635751786.565321,12,255,98,126,117,52.991452991453,25.313394061515783
1635751786.9069173,10,18,101,118,119,52.10084033613446,1.9122294268504203
1635751786.9069173,11,140,100,126,121,51.23966942148761,14.556902633910628
1635751786.9069173,12,267,99,132,122,50.81967213114755,26.34654275119931
1635751787.312042,10,15,102,123,124,50.00000000000001,1.593705304019792
1635751787.312042,11,143,101,131,126,49.206349206349216,14.855178588237854
1635751787.653772,10,-5,103,127,129,48.062015503875976,-0.5313569149387267
1635751787.653772,11,125,101,133,129,48.062015503875976,13.053658498766145
1635751787.653772,12,259,100,138,130,47.6923076923077,25.659779802199026
1635751787.9736395,10,-6,105,133,134,46.268656716417915,-0.6376202550928943
1635751787.9736395,11,132,103,140,136,45.58823529411765,13.757582401273247
1635751788.2681007,10,-6,105,138,141,43.971631205673766,-0.6376202550928943
1635751788.2681007,11,136,103,145,141,43.971631205673766,14.157945744790373
1635751788.6345513,11,145,106,154,150,41.33333333333334,15.053573641452305
1635751788.9835768,10,15,108,155,154,40.25974025974027,1.593705304019792
1635751788.9835768,11,173,106,166,157,39.490445859872615,17.790765425423544
1635751789.3250196,10,30,110,162,163,38.036809815950924,3.1849483278557194
1635751789.3250196,11,198,109,178,166,37.34939759036145,20.16616661121554
1635751789.5545626,10,31,113,168,170,36.47058823529412,3.2908836860672923
1635751789.5545626,11,205,111,184,172,36.04651162790698,20.818902834126483
1635751789.808756,10,29,113,175,177,35.02824858757063,3.078991167182793
1635751789.808756,11,212,111,192,181,34.25414364640884,21.466032736430833
1635751790.0465138,10,12,115,182,183,33.879781420765035,1.2750826169617748
1635751790.0465138,11,197,113,193,185,33.513513513513516,20.07246656737335
1635751790.2822714,10,-8,118,187,190,32.631578947368425,-0.8501330454313055
1635751790.2822714,11,183,115,195,189,32.80423280423281,18.74903541444329
1635751790.5023901,10,-26,121,194,196,31.632653061224495,-2.7609960568462575
1635751790.5023901,11,170,117,197,195,31.7948717948718,17.501239896274914
1635751790.7252429,10,-45,122,200,203,30.54187192118227,-4.771289540584061
1635751790.7252429,11,157,118,200,199,31.155778894472366,16.236070980753333
1635751790.970779,10,-68,125,211,212,29.24528301886793,-7.188701044455634
1635751790.970779,11,141,120,202,205,30.243902439024396,14.656418438272837
1635751791.3078403,11,138,123,212,217,28.571428571428577,14.357601956885965
1635751791.3078403,10,-83,128,224,223,27.802690582959645,-8.752064820144541
1635751791.599635,11,147,126,227,231,26.839826839826845,15.251599858657364
1635751792.403034,12,235,123,193,228,27.192982456140356,23.551765868612073
1635751792.6542163,12,198,123,189,231,26.839826839826845,20.16616661121554
1635751792.9420803,12,176,124,194,237,26.16033755274262,18.079355067310914
1635751793.2315001,12,152,125,195,244,25.409836065573774,15.745027649154892
1635751797.0296297,7,270,94,94,81,76.54320987654322,26.602004270640546
1635751797.3162503,7,239,95,92,81,76.54320987654322,23.90801879906859
1635751797.643386,7,193,96,88,80,77.50000000000001,19.69654824538426
1635751797.9756455,7,167,95,86,79,78.48101265822785,17.210788777144447
1635751797.9756455,8,257,95,99,84,73.80952380952382,25.486836491547166
1635751798.2380376,7,153,96,86,80,77.50000000000001,15.843428839849183
1635751798.2380376,8,242,95,96,83,74.6987951807229,24.17392734930822
1635751798.5960014,7,133,98,85,83,74.6987951807229,13.857803363474689
1635751798.5960014,8,221,97,95,84,73.80952380952382,22.28967336980535
1635751798.9991643,7,98,95,82,80,77.50000000000001,10.302406758622741
1635751798.9991643,8,184,95,93,84,73.80952380952382,18.84427644904627
1635751798.9991643,9,277,94,99,87,71.26436781609196,27.19366015235809
1635751799.28991,7,75,94,81,80,77.50000000000001,7.9197544899131636
1635751799.28991,8,161,95,91,84,73.80952380952382,16.6271522388117
1635751799.28991,9,253,94,99,86,72.09302325581396,25.139453540730653
1635751799.6408644,8,139,96,89,84,73.80952380952382,14.457296979738553
1635751799.6408644,9,231,95,98,86,72.09302325581396,23.19357136790705
1635751800.1335146,7,54,97,84,84,73.80952380952382,5.719742748496919
1635751800.1335146,8,144,97,95,88,70.45454545454547,14.95442198679177
1635751800.1335146,9,239,96,103,90,68.8888888888889,23.90801879906859
1635751800.543388,7,39,97,87,87,71.26436781609196,4.13749578470897
1635751800.543388,8,130,97,95,90,68.8888888888889,13.55688323266358
1635751800.543388,9,227,96,104,92,67.3913043478261,22.833447608379913
1635751800.9579976,7,14,99,87,90,68.8888888888889,1.4875077226255586
1635751800.9579976,8,106,97,95,91,68.13186813186815,11.12320925012442
1635751800.9579976,9,202,96,102,93,66.66666666666667,20.53983965738927
1635751801.4128773,7,0,100,89,92,67.3913043478261,0.0
1635751801.4128773,8,95,98,96,92,67.3913043478261,9.993481548325647
1635751801.9548633,7,-10,102,94,97,63.917525773195884,-1.0626224461126088
1635751801.9548633,8,89,100,101,99,62.62626262626264,9.373883203052992
1635751801.9548633,9,191,99,109,99,62.62626262626264,19.507922508578496
1635751802.3584554,8,65,101,101,100,62.00000000000001,6.874656524321
1635751802.3584554,7,-36,103,97,100,62.00000000000001,-3.8202083666617566
1635751802.3584554,9,169,100,108,100,62.00000000000001,17.404525184005227
1635751802.699862,8,44,101,103,102,60.78431372549021,4.665734278244758
1635751802.699862,9,147,100,107,102,60.78431372549021,15.251599858657364
1635751802.699862,3,255,98,107,102,60.78431372549021,25.313394061515783
1635751802.699862,7,-61,103,101,104,59.61538461538463,-6.455287136785497
1635751803.1337554,9,176,100,115,106,58.49056603773586,18.079355067310914
1635751803.6033304,8,74,102,112,111,55.855855855855864,7.815471397254411
1635751803.6033304,7,-39,104,110,111,55.855855855855864,-4.13749578470897
1635751803.6033304,9,188,102,121,112,55.35714285714287,19.224157790184744
1635751804.003593,7,-41,104,114,118,52.54237288135594,-4.348880799665057
1635751804.003593,8,77,101,119,117,52.991452991453,8.12816168126673
1635751804.003593,9,197,100,128,118,52.54237288135594,20.07246656737335
1635751804.4896421,7,-44,106,122,125,49.60000000000001,-4.665734278244758
1635751804.4896421,8,82,104,126,124,50.00000000000001,8.648222041878432
1635751804.4896421,9,208,101,135,125,49.60000000000001,21.096936185976894
1635751804.7916129,8,85,104,132,129,48.062015503875976,8.959575995474442
1635751804.7916129,9,217,103,141,130,47.6923076923077,21.92478522054117
1635751804.7916129,7,-46,107,126,131,47.328244274809165,-4.87681235015335
1635751805.157992,8,90,106,140,136,45.58823529411765,9.477307372980938
1635751805.157992,9,229,104,149,138,44.92753623188406,23.013749847125784
1635751805.5430508,8,78,108,143,142,43.66197183098592,8.232284483481385
1635751805.5430508,9,222,106,152,142,43.66197183098592,22.380599847244042
1635751805.5430508,7,-67,111,141,144,43.055555555555564,-7.084066830606971
1635751805.8328595,7,-91,113,146,150,41.33333333333334,-9.58066925009003
1635751806.1871936,9,185,108,154,148,41.891891891891895,18.939409542593506
1635751806.1871936,8,37,111,149,152,40.789473684210535,3.9259978795075465
1635751806.1871936,7,-120,114,157,157,39.490445859872615,-12.5483759390987
1635751806.50687,8,75,110,158,156,39.74358974358975,7.9197544899131636
1635751806.50687,9,229,107,164,155,40.00000000000001,23.013749847125784
1635751806.50687,7,-85,114,155,158,39.24050632911393,-8.959575995474442
1635751806.8451116,7,-41,112,156,160,38.75000000000001,-4.348880799665057
1635751806.8451116,8,123,109,170,161,38.50931677018634,12.851788734777642
1635751807.2238135,7,-20,114,163,166,37.34939759036145,-2.124514387441452
1635751807.2238135,8,153,112,181,171,36.257309941520475,15.843428839849183
1635751807.5686483,7,-39,115,171,174,35.63218390804598,-4.13749578470897
1635751807.9541636,7,-50,116,182,185,33.513513513513516,-5.298565069899935
1635751808.3148549,8,149,117,212,202,30.6930693069307,15.449253549730287
1635751808.3148549,7,-56,120,196,201,30.84577114427861,-5.93010210572097
1635751808.600654,8,133,119,214,210,29.52380952380953,13.857803363474689
1635751808.600654,7,-82,123,204,211,29.383886255924175,-8.648222041878432
1635751808.948366,8,97,123,215,218,28.44036697247707,10.199498041433117
1635751809.3186374,8,43,127,221,226,27.433628318584073,4.560147265001545
1635751809.6237671,9,217,122,209,220,28.181818181818187,21.92478522054117
1635751809.6237671,8,2,128,230,236,26.27118644067797,0.212547884480388
1635751809.6237671,0056231000098,-98,46,442,25,248.00000000000003,-10.302406758622741
1635751809.9300716,9,196,123,211,229,27.074235807860266,19.978654404768985
1635751810.2100408,9,182,124,216,234,26.4957264957265,18.653686782192963
1635751810.4847538,9,143,124,214,239,25.941422594142264,14.855178588237854
1635751814.811411,33,222,91,88,80,77.50000000000001,22.380599847244042
1635751815.1266923,33,197,90,87,80,77.50000000000001,20.07246656737335
1635751815.4505117,33,163,88,84,79,78.48101265822785,16.822099089140682
1635751815.4505117,32,252,89,96,84,73.80952380952382,25.052296829400955
1635751815.7053509,33,132,90,81,78,79.4871794871795,13.757582401273247
1635751815.7053509,32,218,90,92,83,74.6987951807229,22.01618412969245
1635751816.004186,33,112,89,80,79,78.48101265822785,11.735810008694882
1635751816.004186,32,197,90,91,84,73.80952380952382,20.07246656737335
1635751816.3148508,33,93,89,80,80,77.50000000000001,9.787203664656111
1635751816.3148508,32,179,90,90,83,74.6987951807229,18.36699878105277
1635751816.3148508,31,272,90,96,87,71.26436781609196,26.771681119286118
1635751816.7212887,33,70,88,80,81,76.54320987654322,7.397824268101297
1635751816.7212887,32,155,90,89,84,73.80952380952382,16.039943306049665
1635751816.7212887,31,248,90,97,86,72.09302325581396,24.70243022777131
1635751817.0791225,33,50,89,80,82,75.60975609756099,5.298565069899935
1635751817.0791225,32,135,90,89,85,72.94117647058825,14.05798553291573
1635751817.0791225,31,228,91,95,88,70.45454545454547,22.923658715156016
1635751817.4081492,33,43,88,81,83,74.6987951807229,4.560147265001545
1635751817.4081492,31,225,90,96,90,68.8888888888889,22.65266630670857
1635751817.8467605,33,42,88,85,87,71.26436781609196,4.454529204005441
1635751817.8467605,32,133,89,93,92,67.3913043478261,13.857803363474689
1635751817.8467605,31,231,90,100,92,67.3913043478261,23.19357136790705
1635751818.1936593,31,214,91,100,94,65.95744680851065,21.649884338417362
1635751818.6119604,33,23,90,89,92,67.3913043478261,2.4428306303611227
1635751818.6119604,32,119,91,97,94,65.95744680851065,12.447078301350341
1635751818.6119604,31,221,91,104,97,63.917525773195884,22.28967336980535
1635751818.9857616,33,16,90,92,94,65.95744680851065,1.6998919335324794
1635751818.9857616,32,114,90,99,97,63.917525773195884,11.939414178352928
1635751818.9857616,31,218,91,107,100,62.00000000000001,22.01618412969245
1635751819.341578,32,94,91,100,97,63.917525773195884,9.890374977497379
1635751819.341578,31,197,92,105,100,62.00000000000001,20.07246656737335
1635751819.7286427,33,-34,91,98,99,62.62626262626264,-3.6085517773185476
1635751819.7286427,31,173,92,106,101,61.3861386138614,17.790765425423544
1635751820.260678,33,-11,92,101,102,60.78431372549021,-1.1688565501000576
1635751820.260678,32,96,93,107,104,59.61538461538463,10.096522770898641
1635751820.260678,31,207,93,113,107,57.94392523364487,21.00437328468872
1635751820.6264236,33,-28,93,105,105,59.04761904761906,-2.9730129222649775
1635751820.6264236,31,195,94,115,109,56.88073394495414,19.884730425939498
1635751821.0729516,33,-36,94,109,110,56.363636363636374,-3.8202083666617566
1635751821.0729516,31,196,95,119,114,54.38596491228071,19.978654404768985
1635751821.0729516,32,79,94,113,111,55.855855855855864,8.336352562554062
1635751821.4094617,33,-39,94,113,115,53.913043478260875,-4.13749578470897
1635751821.4094617,31,204,96,124,119,52.10084033613446,20.725995830978334
1635751821.7901309,33,-40,94,120,120,51.66666666666667,-4.243202757619135
1635751821.7901309,31,213,96,129,124,50.00000000000001,21.558016806404698
1635751821.7901309,32,85,95,123,122,50.81967213114755,8.959575995474442
1635751822.1077764,33,-41,96,124,125,49.60000000000001,-4.348880799665057
1635751822.1077764,32,90,97,129,127,48.81889763779528,9.477307372980938
1635751822.1077764,31,223,97,135,129,48.062015503875976,22.47140764411092
1635751822.4127042,33,-40,96,129,131,47.328244274809165,-4.243202757619135
1635751822.8317695,33,-16,98,134,136,45.58823529411765,-1.6998919335324794
1635751822.8317695,32,127,98,145,141,43.971631205673766,13.255198990360212
1635751823.1084266,33,-30,98,139,141,43.971631205673766,-3.1849483278557194
1635751823.1084266,32,117,99,147,145,42.75862068965518,12.244246202334178
1635751823.3735776,33,-50,100,143,144,43.055555555555564,-5.298565069899935
1635751823.3735776,32,101,100,149,147,42.17687074829933,10.610727614582158
1635751823.649872,31,238,101,154,150,41.33333333333334,23.819138234278373
1635751823.649872,32,83,101,149,149,41.61073825503356,8.752064820144541
1635751823.649872,33,-73,101,151,149,41.61073825503356,-7.711136174370049
1635751823.9122877,32,84,101,155,153,40.52287581699347,8.855849682026259
1635751823.9122877,33,-76,102,153,154,40.25974025974027,-8.023984801010398
1635751823.9122877,31,241,101,157,154,40.25974025974027,24.08541352897193
1635751824.1982458,33,-60,102,157,158,39.24050632911393,-6.350334386893197
1635751824.1982458,32,106,102,163,161,38.50931677018634,11.12320925012442
1635751824.4377005,33,-58,103,163,163,38.036809815950924,-6.140301141305523
1635751824.4377005,32,115,104,170,168,36.90476190476191,12.041101970999687
1635751824.6665628,33,-61,104,169,169,36.68639053254439,-6.455287136785497
1635751824.6665628,32,119,105,176,174,35.63218390804598,12.447078301350341
1635751824.9114308,33,-67,105,177,177,35.02824858757063,-7.084066830606971
1635751824.9114308,32,120,106,182,181,34.25414364640884,12.5483759390987
1635751825.1610973,33,-98,107,187,182,34.06593406593407,-10.302406758622741
1635751825.1610973,32,93,107,183,184,33.69565217391305,9.787203664656111
1635751825.4298565,32,58,107,185,187,33.15508021390375,6.140301141305523
1635751825.4298565,33,-137,108,200,191,32.4607329842932,-14.257818049510549
1635751825.7351062,31,199,109,177,186,33.333333333333336,20.25975423688004
1635751825.7351062,32,10,110,190,193,32.124352331606225,1.0626224461126088
1635751825.7351062,33,-194,111,219,203,30.54187192118227,-19.79069493654738
1635751825.9991467,31,179,110,178,191,32.4607329842932,18.36699878105277
1635751825.9991467,32,-16,113,198,204,30.392156862745104,-1.6998919335324794
1635751826.3236134,31,159,111,182,199,31.155778894472366,16.431808422216594
1635751826.3236134,32,-44,115,210,216,28.70370370370371,-4.665734278244758
1635751826.6736975,31,135,111,186,206,30.097087378640783,14.05798553291573
1635751826.6736975,32,-77,115,227,229,27.074235807860266,-8.12816168126673
1635751827.0298054,31,85,112,191,215,28.837209302325586,8.959575995474442
1635751827.0298054,32,-138,119,253,247,25.10121457489879,-14.357601956885965
1635751827.304024,31,46,114,195,222,27.927927927927932,4.87681235015335
1635751827.304024,32,-187,119,273,258,24.031007751937988,-19.12935054867832
1635751827.5857153,31,25,116,204,233,26.60944206008584,2.6549588769771035
1635751831.0343492,34,252,93,91,80,77.50000000000001,25.052296829400955
1635751831.3758864,34,212,93,87,79,78.48101265822785,21.466032736430833
1635751831.8137856,35,272,92,95,83,74.6987951807229,26.771681119286118
1635751832.1677463,35,232,93,92,82,75.60975609756099,23.283301354636382
1635751832.5641894,34,103,94,79,79,78.48101265822785,10.815931174266511
1635751832.5641894,35,188,95,90,82,75.60975609756099,19.224157790184744
1635751833.0642843,34,94,95,82,81,76.54320987654322,9.890374977497379
1635751833.0642843,35,181,96,92,84,73.80952380952382,18.558230898863858
1635751833.5245168,34,90,96,84,84,73.80952380952382,9.477307372980938
1635751834.0140638,34,42,95,81,83,74.6987951807229,4.454529204005441
1635751834.0140638,36,227,97,100,90,68.8888888888889,22.833447608379913
1635751834.4136386,34,0,96,83,85,72.94117647058825,0.0
1635751834.4136386,35,89,96,89,87,71.26436781609196,9.373883203052992
1635751834.4136386,28,279,96,105,92,67.3913043478261,27.361564820270797
1635751834.4136386,36,181,97,97,90,68.8888888888889,18.558230898863858
1635751834.888221,35,92,96,92,90,68.8888888888889,9.683968218485054
1635751834.888221,36,188,97,100,94,65.95744680851065,19.224157790184744
1635751835.3537776,34,-3,95,91,93,66.66666666666667,-0.3188199986227441
1635751835.3537776,35,93,96,96,94,65.95744680851065,9.787203664656111
1635751835.3537776,36,195,97,104,98,63.26530612244899,19.884730425939498
1635751835.8116438,35,73,96,97,96,64.58333333333334,7.711136174370049
1635751836.198705,35,51,97,99,98,63.26530612244899,5.403915134496321
1635751836.198705,36,154,98,105,101,61.3861386138614,15.9417342048233
1635751836.198705,28,261,97,112,103,60.194174757281566,25.832223007136133
1635751836.6539698,34,-41,97,100,101,61.3861386138614,-4.348880799665057
1635751836.6539698,35,64,97,103,102,60.78431372549021,6.769881767673709
1635751836.6539698,36,172,98,111,105,59.04761904761906,17.694360399947715
1635751837.0611231,34,-42,98,104,105,59.04761904761906,-4.454529204005441
1635751837.0611231,35,67,98,106,106,58.49056603773586,7.084066830606971
1635751837.506191,34,-55,100,109,110,56.363636363636374,-5.824942124530689
1635751837.506191,36,173,100,118,112,55.35714285714287,17.790765425423544
1635751837.506191,35,58,99,109,109,56.88073394495414,6.140301141305523
1635751837.9829354,34,-38,99,112,113,54.86725663716815,-4.031760588950713
1635751837.9829354,35,79,99,116,115,53.913043478260875,8.336352562554062
1635751837.9829354,36,199,100,125,118,52.54237288135594,20.25975423688004
1635751838.433377,34,-60,102,117,118,52.54237288135594,-6.350334386893197
1635751839.0340023,34,-43,103,124,124,50.00000000000001,-4.560147265001545
1635751839.0340023,35,86,103,127,126,49.206349206349216,9.063243130687955
1635751839.0340023,36,220,104,138,130,47.6923076923077,22.198628437866404
1635751839.318629,34,-63,103,128,128,48.43750000000001,-6.665061502275082
1635751839.318629,35,70,103,129,128,48.43750000000001,7.397824268101297
1635751839.318629,36,204,103,139,131,47.328244274809165,20.725995830978334
1635751839.6648412,35,73,104,135,134,46.268656716417915,7.711136174370049
1635751839.6648412,34,-66,104,134,133,46.61654135338347,-6.979385101571969
1635751839.6648412,36,214,105,145,138,44.92753623188406,21.649884338417362
1635751839.9390996,35,76,105,140,140,44.28571428571429,8.023984801010398
1635751839.9390996,36,223,105,152,143,43.35664335664336,22.47140764411092
1635751839.9390996,34,-70,105,139,139,44.6043165467626,-7.397824268101297
1635751840.2630491,36,234,108,159,150,41.33333333333334,23.462398797339375
1635751840.2630491,34,-73,108,147,146,42.46575342465754,-7.711136174370049
1635751840.2630491,35,80,107,149,147,42.17687074829933,8.440365275506633
1635751840.5983763,36,245,108,164,158,39.24050632911393,24.438732622188876
1635751840.5983763,34,-77,108,154,154,40.25974025974027,-8.12816168126673
1635751840.5983763,35,84,107,157,154,40.25974025974027,8.855849682026259
1635751840.929627,34,-82,110,163,164,37.804878048780495,-8.648222041878432
1635751840.929627,35,89,110,166,164,37.804878048780495,9.373883203052992
1635751841.2619567,34,-88,112,173,174,35.63218390804598,-9.27039735856775
1635751841.2619567,35,95,111,176,175,35.42857142857143,9.993481548325647
1635751841.5905676,35,101,113,188,186,33.333333333333336,10.610727614582158
1635751841.5905676,34,-94,113,185,185,33.513513513513516,-9.890374977497379
1635751841.9735727,34,-103,117,201,201,30.84577114427861,-10.815931174266511
1635751842.3686154,34,-115,121,221,220,28.181818181818187,-12.041101970999687
1635751848.379627,10,275,94,98,87,71.26436781609196,27.02524834505668
1635751848.6276944,10,257,93,98,87,71.26436781609196,25.486836491547166
1635751848.918191,10,235,93,97,86,72.09302325581396,23.551765868612073
1635751849.2505646,10,212,94,96,86,72.09302325581396,21.466032736430833
1635751849.5734158,10,174,94,93,85,72.94117647058825,17.887066461315495
1635751849.5734158,11,270,94,105,90,68.8888888888889,26.602004270640546
1635751849.8141184,10,136,96,89,86,72.09302325581396,14.157945744790373
1635751849.8141184,11,228,95,99,88,70.45454545454547,22.923658715156016
1635751850.1264756,10,136,96,92,86,72.09302325581396,14.157945744790373
1635751850.1264756,11,230,95,102,90,68.8888888888889,23.103720798874804
1635751850.5286117,10,136,98,94,90,68.8888888888889,14.157945744790373
1635751850.5286117,11,233,97,106,93,66.66666666666667,23.372910562377935
1635751850.8720539,10,117,98,94,91,68.13186813186815,12.244246202334178
1635751850.8720539,11,214,98,105,94,65.95744680851065,21.649884338417362
1635751851.2282534,10,101,98,94,91,68.13186813186815,10.610727614582158
1635751851.2282534,11,198,98,104,94,65.95744680851065,20.16616661121554
1635751851.6300898,10,71,99,93,93,66.66666666666667,7.502311953416964
1635751851.6300898,11,169,99,103,95,65.26315789473685,17.404525184005227
1635751851.6300898,12,272,98,107,97,63.917525773195884,26.771681119286118
1635751851.949,10,52,99,94,94,65.95744680851065,5.509228563623229
1635751851.949,11,149,98,102,95,65.26315789473685,15.449253549730287
1635751851.949,12,252,98,109,98,63.26530612244899,25.052296829400955
1635751852.3142598,10,28,99,95,96,64.58333333333334,2.9730129222649775
1635751852.3142598,11,126,98,101,96,64.58333333333334,13.154470165334144
1635751852.3142598,12,229,98,107,98,63.26530612244899,23.013749847125784
1635751852.7368245,10,26,98,98,99,62.62626262626264,2.7609960568462575
1635751852.7368245,11,128,98,106,100,62.00000000000001,13.355844454032088
1635751852.7368245,12,234,97,111,102,60.78431372549021,23.462398797339375
1635751853.1284528,10,26,98,102,103,60.194174757281566,2.7609960568462575
1635751853.1284528,11,133,98,110,105,59.04761904761906,13.857803363474689
1635751853.1284528,12,244,98,117,106,58.49056603773586,24.350587059891964
1635751853.5284812,10,27,99,108,108,57.40740740740742,2.8670143121816682
1635751853.5284812,11,138,98,115,110,56.363636363636374,14.357601956885965
1635751853.5284812,12,254,97,121,112,55.35714285714287,25.226485996516757
1635751853.9062903,10,28,99,112,113,54.86725663716815,2.9730129222649775
1635751853.9062903,11,144,99,121,114,54.38596491228071,14.95442198679177
1635751853.9062903,12,265,98,125,116,53.448275862068975,26.17560536384905
1635751854.2995765,10,10,100,115,117,52.991452991453,1.0626224461126088
1635751854.2995765,11,131,99,122,117,52.991452991453,13.657275522629282
1635751854.2995765,12,253,98,127,119,52.10084033613446,25.139453540730653
1635751854.6795564,10,19,101,120,121,51.23966942148761,2.018378836856321
1635751854.6795564,11,143,99,130,123,50.40650406504066,14.855178588237854
1635751855.063552,10,30,103,124,126,49.206349206349216,3.1849483278557194
1635751855.063552,11,159,102,135,128,48.43750000000001,16.431808422216594
1635751855.5115438,10,10,104,129,132,46.969696969696976,1.0626224461126088
1635751855.5115438,11,145,102,138,133,46.61654135338347,15.053573641452305
1635751855.8272097,10,10,105,136,137,45.25547445255475,1.0626224461126088
1635751855.8272097,11,150,104,145,139,44.6043165467626,15.547939558288776
1635751856.2227578,10,9,106,145,145,42.75862068965518,0.9563810345917811
1635751856.6340158,10,9,109,154,155,40.00000000000001,0.9563810345917811
1635751856.6340158,11,167,107,165,157,39.490445859872615,17.210788777144447
1635751856.9669912,10,9,110,164,165,37.57575757575758,0.9563810345917811
1635751856.9669912,11,177,108,174,167,37.125748502994014,18.175341896811013
1635751857.2612076,10,10,113,172,173,35.83815028901735,1.0626224461126088
1635751857.2612076,11,187,111,184,176,35.227272727272734,19.12935054867832
1635751857.5062542,10,9,115,180,182,34.06593406593407,0.9563810345917811
1635751857.5062542,11,194,113,192,184,33.69565217391305,19.79069493654738
1635751857.7424326,10,-6,117,186,188,32.97872340425533,-0.6376202550928943
1635751857.7424326,11,184,114,194,189,32.80423280423281,18.84427644904627
1635751857.9740486,10,-27,120,193,196,31.632653061224495,-2.8670143121816682
1635751857.9740486,11,169,116,197,194,31.958762886597942,17.404525184005227
1635751858.2210035,10,-48,123,202,204,30.392156862745104,-5.0877578101051295
1635751858.2210035,11,154,119,200,200,31.000000000000004,15.9417342048233
1635751858.5017052,10,-61,125,212,215,28.837209302325586,-6.455287136785497
1635751858.5017052,11,151,121,208,208,29.807692307692314,15.64653107388349
1635751858.8105602,10,-67,128,229,227,27.31277533039648,-7.084066830606971
1635751858.8105602,11,160,124,223,225,27.55555555555556,16.52952974363854
1635751859.1002476,11,137,126,223,231,26.839826839826845,14.257818049510549
1635751859.9301422,12,211,122,191,227,27.31277533039648,21.373932381663405
1635751860.1757529,12,200,124,192,233,26.60944206008584,20.35322914806883
1635751864.657679,7,272,96,95,82,75.60975609756099,26.771681119286118
1635751864.9188027,7,232,98,91,82,75.60975609756099,23.283301354636382
1635751865.270986,7,186,97,86,79,78.48101265822785,19.034434354835188
1635751865.6523993,7,149,97,84,79,78.48101265822785,15.449253549730287
1635751865.6523993,8,237,97,96,84,73.80952380952382,23.73013577082146
1635751866.0686514,7,124,96,83,79,78.48101265822785,12.952764513375518
1635751866.0686514,8,211,96,95,84,73.80952380952382,21.373932381663405
1635751866.5648108,7,91,95,82,80,77.50000000000001,9.58066925009003
1635751866.5648108,8,177,94,92,83,74.6987951807229,18.175341896811013
1635751866.5648108,9,270,93,101,87,71.26436781609196,26.602004270640546
1635751866.9395316,7,65,94,82,81,76.54320987654322,6.874656524321
1635751866.9395316,8,150,94,90,84,73.80952380952382,15.547939558288776
1635751866.9395316,9,242,93,99,87,71.26436781609196,24.17392734930822
1635751867.334931,8,125,94,89,84,73.80952380952382,13.053658498766145
1635751867.334931,7,40,95,81,82,75.60975609756099,4.243202757619135
1635751867.334931,9,217,93,98,87,71.26436781609196,21.92478522054117
1635751867.8396578,7,36,97,85,85,72.94117647058825,3.8202083666617566
1635751867.8396578,8,126,96,94,89,69.66292134831461,13.154470165334144
1635751867.8396578,9,221,96,102,90,68.8888888888889,22.28967336980535
1635751868.3096073,8,113,97,96,91,68.13186813186815,11.837650005357451
1635751868.3096073,7,21,99,87,88,70.45454545454547,2.2306353530719227
1635751868.3096073,9,210,97,104,93,66.66666666666667,21.281715998314297
1635751868.755842,7,16,101,91,92,67.3913043478261,1.6998919335324794
1635751868.755842,8,111,99,99,93,66.66666666666667,11.633894747793091
1635751868.755842,9,212,99,108,96,64.58333333333334,21.466032736430833
1635751869.18955,7,8,101,93,96,64.58333333333334,0.8501330454313055
1635751869.18955,8,106,100,101,97,63.917525773195884,11.12320925012442
1635751869.18955,9,209,99,109,99,62.62626262626264,21.189383845645846
1635751869.5916078,7,-17,102,96,99,62.62626262626264,-1.806066883527694
1635751869.5916078,8,84,101,102,99,62.62626262626264,8.855849682026259
1635751869.5916078,9,186,100,109,101,61.3861386138614,19.034434354835188
1635751870.0087562,9,171,100,110,102,60.78431372549021,17.597851763104355
1635751870.0087562,7,-37,103,98,103,60.194174757281566,-3.9259978795075465
1635751870.5935588,8,88,100,110,106,58.49056603773586,9.27039735856775
1635751870.5935588,9,198,99,119,107,57.94392523364487,20.16616661121554
1635751870.5935588,7,-21,102,103,106,58.49056603773586,-2.2306353530719227
1635751871.0326364,7,-41,102,108,111,55.855855855855864,-4.348880799665057
1635751871.0326364,9,184,99,120,111,55.855855855855864,18.84427644904627
1635751871.4435909,8,74,102,118,116,53.448275862068975,7.815471397254411
1635751871.945021,7,-47,105,120,123,50.40650406504066,-4.982302006398639
1635751871.945021,8,78,102,125,123,50.40650406504066,8.232284483481385
1635751872.4353883,8,83,106,135,132,46.969696969696976,8.752064820144541
1635751872.4353883,9,217,104,143,133,46.61654135338347,21.92478522054117
1635751872.8013432,9,208,105,145,137,45.25547445255475,21.096936185976894
1635751873.175711,8,66,109,144,143,43.35664335664336,6.979385101571969
1635751873.175711,9,208,107,151,142,43.66197183098592,21.096936185976894
1635751873.175711,7,-82,113,142,146,42.46575342465754,-8.648222041878432
1635751873.4758954,9,216,107,157,149,41.61073825503356,21.833268791071543
1635751873.4758954,8,67,110,151,150,41.33333333333334,7.084066830606971
1635751873.4758954,7,-88,113,149,153,40.52287581699347,-9.27039735856775
1635751873.8178773,7,-72,113,155,158,39.24050632911393,-7.606749474630248
1635751873.8178773,8,88,109,160,157,39.490445859872615,9.27039735856775
1635751873.8178773,9,248,107,172,157,39.490445859872615,24.70243022777131
1635751874.120874,7,-47,112,158,163,38.036809815950924,-4.982302006398639
1635751874.4785943,7,-24,112,163,168,36.90476190476191,-2.548903494068427
1635751874.4785943,8,150,110,181,172,36.04651162790698,15.547939558288776
1635751874.8068044,7,-43,115,172,177,35.02824858757063,-4.560147265001545
1635751875.2149584,7,-41,117,182,186,33.333333333333336,-4.348880799665057
1635751875.2149584,8,149,114,198,188,32.97872340425533,15.449253549730287
1635751875.608583,7,-28,117,189,194,31.958762886597942,-2.9730129222649775
1635751875.608583,8,174,114,213,199,31.155778894472366,17.887066461315495
1635751875.8694744,7,-49,120,197,205,30.243902439024396,-5.1931790634241475
1635751875.8694744,8,163,117,220,207,29.951690821256044,16.822099089140682
1635751876.1433556,7,-79,124,207,213,29.10798122065728,-8.336352562554062
1635751876.1433556,8,140,120,219,212,29.24528301886793,14.556902633910628
1635751876.5632212,8,75,124,216,221,28.05429864253394,7.9197544899131636
1635751876.5632212,7,-157,129,229,228,27.192982456140356,-16.236070980753333
1635751876.9125526,9,219,120,204,213,29.10798122065728,22.10746528048097
1635751876.9125526,8,10,127,221,228,27.192982456140356,1.0626224461126088
1635751877.2166247,9,195,122,205,220,28.181818181818187,19.884730425939498
1635751877.2166247,8,-19,128,231,237,26.16033755274262,-2.018378836856321
1635751877.5479527,9,179,124,208,228,27.192982456140356,18.36699878105277
1635751877.8693845,9,156,124,214,238,26.05042016806723,16.138055708620733
1635751878.19392,9,110,124,212,246,25.20325203252033,11.53190478481219
1635751878.4964187,3,240,115,160,215,28.837209302325586,23.996777288565738
1635751882.0221524,33,257,89,91,82,75.60975609756099,25.486836491547166
1635751882.3836932,33,234,89,91,82,75.60975609756099,23.462398797339375
1635751882.744342,33,198,90,87,81,76.54320987654322,20.16616661121554
1635751883.0243254,33,159,90,83,80,77.50000000000001,16.431808422216594
1635751883.0243254,32,248,90,95,85,72.94117647058825,24.70243022777131
1635751883.377217,33,137,90,83,80,77.50000000000001,14.257818049510549
1635751883.377217,32,225,90,95,85,72.94117647058825,22.65266630670857
1635751883.7750661,32,203,92,94,86,72.09302325581396,20.632974678473587
1635751884.1548758,33,94,90,82,82,75.60975609756099,9.890374977497379
1635751884.1548758,32,181,90,92,85,72.94117647058825,18.558230898863858
1635751884.493276,33,73,88,81,84,73.80952380952382,7.711136174370049
1635751884.493276,31,256,89,99,91,68.13186813186815,25.400177603160106
1635751884.493276,32,161,90,92,86,72.09302325581396,16.6271522388117
1635751884.9145613,33,48,88,82,83,74.6987951807229,5.0877578101051295
1635751884.9145613,32,136,89,91,87,71.26436781609196,14.157945744790373
1635751884.9145613,31,231,90,98,90,68.8888888888889,23.19357136790705
1635751885.3158038,33,45,87,84,87,71.26436781609196,4.771289540584061
1635751885.3158038,32,135,87,95,92,67.3913043478261,14.05798553291573
1635751885.3158038,31,233,89,101,92,67.3913043478261,23.372910562377935
1635751885.6927483,33,40,86,87,89,69.66292134831461,4.243202757619135
1635751885.6927483,32,134,87,96,92,67.3913043478261,13.957937907080732
1635751885.6927483,31,233,87,103,95,65.26315789473685,23.372910562377935
1635751886.056806,33,17,89,88,90,68.8888888888889,1.806066883527694
1635751886.056806,32,112,89,96,95,65.26315789473685,11.735810008694882
1635751886.056806,31,212,90,102,95,65.26315789473685,21.466032736430833
1635751886.4408932,32,90,91,96,94,65.95744680851065,9.477307372980938
1635751886.4408932,33,-6,90,90,92,67.3913043478261,-0.6376202550928943
1635751886.4408932,31,190,91,101,96,64.58333333333334,19.413444096195985
1635751886.8062985,33,-9,90,94,95,65.26315789473685,-0.9563810345917811
1635751886.8062985,32,90,91,99,97,63.917525773195884,9.477307372980938
1635751886.8062985,31,193,91,105,99,62.62626262626264,19.69654824538426
1635751887.2436142,32,93,94,105,102,60.78431372549021,9.787203664656111
1635751887.2436142,31,202,94,111,105,59.04761904761906,20.53983965738927
1635751887.6819835,33,-17,93,103,105,59.04761904761906,-1.806066883527694
1635751887.6819835,32,93,93,109,109,56.88073394495414,9.787203664656111
1635751887.6819835,31,206,94,114,109,56.88073394495414,20.91169541023082
1635751888.0924327,33,-35,94,106,109,56.88073394495414,-3.714392761786679
1635751888.0924327,32,78,95,111,110,56.363636363636374,8.232284483481385
1635751888.0924327,31,193,95,116,111,55.855855855855864,19.69654824538426
1635751888.4254112,33,-38,95,111,112,55.35714285714287,-4.031760588950713
1635751888.4254112,31,198,96,121,115,53.913043478260875,20.16616661121554
1635751888.4254112,32,80,96,114,114,54.38596491228071,8.440365275506633
1635751888.843217,33,-41,93,117,118,52.54237288135594,-4.348880799665057
1635751888.843217,31,208,94,127,121,51.23966942148761,21.096936185976894
1635751888.843217,32,83,94,122,120,51.66666666666667,8.752064820144541
1635751889.2163641,32,87,95,127,127,48.81889763779528,9.16685046013392
1635751889.2163641,33,-43,94,122,123,50.40650406504066,-4.560147265001545
1635751889.2163641,31,219,95,134,129,48.062015503875976,22.10746528048097
1635751889.5581179,33,-45,96,129,130,47.6923076923077,-4.771289540584061
1635751889.5581179,31,230,96,140,135,45.92592592592593,23.103720798874804
1635751890.026554,32,97,99,144,142,43.66197183098592,10.199498041433117
1635751890.026554,33,-49,98,138,139,44.6043165467626,-5.1931790634241475
1635751890.026554,31,244,98,149,143,43.35664335664336,24.350587059891964
1635751890.3401477,33,-52,101,146,146,42.46575342465754,-5.509228563623229
1635751890.3401477,32,102,101,152,149,41.61073825503356,10.713364155480653
1635751890.6578307,33,-56,103,153,154,40.25974025974027,-5.93010210572097
1635751890.6578307,32,106,104,159,158,39.24050632911393,11.12320925012442
1635751890.9301238,33,-59,104,161,161,38.50931677018634,-6.245338828597758
1635751890.9301238,32,111,105,168,165,37.57575757575758,11.633894747793091
1635751891.211802,33,-62,105,168,169,36.68639053254439,-6.560196400571308
1635751891.211802,32,116,106,176,173,35.83815028901735,12.142712829376121
1635751891.4792564,33,-66,107,178,178,34.831460674157306,-6.979385101571969
1635751891.4792564,32,121,108,185,183,33.879781420765035,12.649593914834636
1635751891.7613754,32,93,108,186,185,33.513513513513516,9.787203664656111
1635751891.7613754,33,-100,108,190,185,33.513513513513516,-10.508022140232413
1635751892.023533,31,233,108,179,185,33.513513513513516,23.372910562377935
1635751892.023533,32,45,108,187,189,32.80423280423281,4.771289540584061
1635751892.023533,33,-153,110,206,196,31.632653061224495,-15.843428839849183
1635751892.2729623,31,195,108,176,185,33.513513513513516,19.884730425939498
1635751892.2729623,32,5,110,189,195,31.7948717948718,0.5313569149387267
1635751892.2729623,33,-200,112,221,206,30.097087378640783,-20.35322914806883
1635751892.5302324,31,147,110,172,188,32.97872340425533,15.251599858657364
1635751892.5302324,32,-46,113,201,205,30.243902439024396,-4.87681235015335
1635751892.877761,31,123,111,176,196,31.632653061224495,12.851788734777642
1635751892.877761,32,-78,116,215,219,28.310502283105027,-8.232284483481385
1635751893.2235968,31,101,112,182,206,30.097087378640783,10.610727614582158
1635751893.2235968,32,-111,118,233,234,26.4957264957265,-11.633894747793091
1635751893.5383332,31,78,114,189,215,28.837209302325586,8.232284483481385
1635751893.5383332,32,-145,119,253,249,24.8995983935743,-15.053573641452305
1635751893.8050718,31,59,116,198,225,27.55555555555556,6.245338828597758
1635751894.523353,31,-25,120,227,254,24.40944881889764,-2.6549588769771035
1635751897.444663,34,271,92,95,82,75.60975609756099,26.686905839741105
1635751898.1197586,34,217,93,90,81,76.54320987654322,21.92478522054117
1635751898.4778461,35,259,93,96,83,74.6987951807229,25.659779802199026
1635751898.8024106,34,134,93,83,79,78.48101265822785,13.957937907080732
1635751898.8024106,35,221,94,93,83,74.6987951807229,22.28967336980535
1635751899.2505631,34,116,94,84,81,76.54320987654322,12.142712829376121
1635751899.2505631,35,203,96,94,84,73.80952380952382,20.632974678473587
1635751899.8358464,34,103,95,84,83,74.6987951807229,10.815931174266511
1635751899.8358464,35,193,96,96,86,72.09302325581396,19.69654824538426
1635751900.2756126,34,64,97,83,84,73.80952380952382,6.769881767673709
1635751900.2756126,35,153,97,94,87,71.26436781609196,15.843428839849183
1635751900.2756126,36,250,98,102,92,67.3913043478261,24.877611194528516
1635751900.7218282,34,40,96,84,85,72.94117647058825,4.243202757619135
1635751900.7218282,35,129,97,92,88,70.45454545454547,13.456406039455286
1635751900.7218282,36,226,98,102,92,67.3913043478261,22.743116735138678
1635751901.3004632,34,21,97,87,88,70.45454545454547,2.2306353530719227
1635751901.3004632,35,113,97,95,91,68.13186813186815,11.837650005357451
1635751901.3004632,36,213,98,104,95,65.26315789473685,21.558016806404698
1635751901.8352935,34,3,96,90,92,67.3913043478261,0.3188199986227441
1635751901.8352935,35,99,96,97,94,65.95744680851065,10.40524832365576
1635751901.8352935,36,201,97,106,97,63.917525773195884,20.44659105159719
1635751902.3767598,34,-18,96,94,95,65.26315789473685,-1.9122294268504203
1635751902.3767598,35,82,97,100,98,63.26530612244899,8.648222041878432
1635751902.3767598,36,186,98,108,100,62.00000000000001,19.034434354835188
1635751902.8959231,34,-34,96,98,101,61.3861386138614,-3.6085517773185476
1635751902.8959231,36,178,97,110,104,59.61538461538463,18.27122325552057
1635751902.8959231,35,70,96,101,101,61.3861386138614,7.397824268101297
1635751903.346848,34,-39,95,103,103,60.194174757281566,-4.13749578470897
1635751903.346848,36,180,96,114,108,57.40740740740742,18.462668114186137
1635751903.8686452,34,-34,99,107,109,56.88073394495414,-3.6085517773185476
1635751903.8686452,35,80,99,112,110,56.363636363636374,8.440365275506633
1635751903.8686452,36,196,100,121,114,54.38596491228071,19.978654404768985
1635751904.3360002,35,72,101,116,116,53.448275862068975,7.606749474630248
1635751904.3360002,36,193,102,125,118,52.54237288135594,19.69654824538426
1635751904.8077989,34,-51,103,120,122,50.81967213114755,-5.403915134496321
1635751904.8077989,35,75,103,123,122,50.81967213114755,7.9197544899131636
1635751904.8077989,36,203,103,133,125,49.60000000000001,20.632974678473587
1635751905.2130337,34,-55,104,128,128,48.43750000000001,-5.824942124530689
1635751905.2130337,36,214,104,141,131,47.328244274809165,21.649884338417362
1635751905.6565888,34,-61,105,135,136,45.58823529411765,-6.455287136785497
1635751905.6565888,35,81,105,139,138,44.92753623188406,8.54432198150461
1635751905.6565888,36,225,105,149,140,44.28571428571429,22.65266630670857
1635751905.9329991,34,-78,106,142,141,43.971631205673766,-8.232284483481385
1635751905.9329991,35,68,105,141,141,43.971631205673766,7.188701044455634
1635751905.9329991,36,215,106,150,142,43.66197183098592,21.741635082339087
1635751906.2178886,35,62,107,146,146,42.46575342465754,6.560196400571308
1635751906.2178886,34,-90,108,148,147,42.17687074829933,-9.477307372980938
1635751906.2178886,36,213,107,154,148,41.891891891891895,21.558016806404698
1635751906.5351825,35,63,106,153,153,40.52287581699347,6.665061502275082
1635751906.5351825,34,-96,108,156,154,40.25974025974027,-10.096522770898641
1635751906.5351825,36,222,107,162,154,40.25974025974027,22.380599847244042
1635751906.8630474,35,82,105,162,160,38.75000000000001,8.648222041878432
1635751906.8630474,34,-85,106,160,160,38.75000000000001,-8.959575995474442
1635751907.285922,35,105,110,175,172,36.04651162790698,11.02085430376855
1635751907.285922,34,-71,110,170,170,36.47058823529412,-7.502311953416964
1635751907.702829,34,-80,114,182,184,33.69565217391305,-8.440365275506633
1635751908.102362,35,94,116,197,196,31.632653061224495,9.890374977497379
1635751908.102362,34,-111,117,197,196,31.632653061224495,-11.633894747793091
1635751908.5089073,35,102,119,215,211,29.383886255924175,10.713364155480653
1635751908.5089073,34,-121,120,215,213,29.10798122065728,-12.649593914834636
1635751908.925831,35,95,123,232,229,27.074235807860266,9.993481548325647
1635751908.925831,34,-146,125,238,232,26.724137931034488,-15.152633086342712
1635751909.269973,35,56,124,239,238,26.05042016806723,5.93010210572097
1635751914.7676785,10,265,94,101,86,72.09302325581396,26.17560536384905
1635751915.0507455,10,245,94,98,86,72.09302325581396,24.438732622188876
1635751915.3391974,10,223,94,97,86,72.09302325581396,22.47140764411092
1635751915.7138677,10,191,94,95,85,72.94117647058825,19.507922508578496
1635751915.9959013,10,150,95,91,85,72.94117647058825,15.547939558288776
1635751915.9959013,11,244,94,100,89,69.66292134831461,24.350587059891964
1635751916.2825732,10,128,95,91,84,73.80952380952382,13.355844454032088
1635751916.2825732,11,219,94,99,88,70.45454545454547,22.10746528048097
1635751916.762161,10,112,97,90,86,72.09302325581396,11.735810008694882
1635751916.762161,11,205,97,101,90,68.8888888888889,20.818902834126483
1635751917.2161095,10,114,99,95,91,68.13186813186815,11.939414178352928
1635751917.2161095,11,212,98,106,94,65.95744680851065,21.466032736430833
1635751917.6660721,10,90,98,94,93,66.66666666666667,9.477307372980938
1635751917.6660721,11,188,98,104,96,64.58333333333334,19.224157790184744
1635751918.0596545,10,64,98,94,93,66.66666666666667,6.769881767673709
1635751918.0596545,11,162,98,102,96,64.58333333333334,16.7246754916319
1635751918.0596545,12,266,97,110,98,63.26530612244899,26.26113696159187
1635751918.4062746,10,44,99,95,95,65.26315789473685,4.665734278244758
1635751918.4062746,11,142,98,103,97,63.917525773195884,14.755843914731853
1635751918.4062746,12,246,98,109,98,63.26530612244899,24.526755108495042
1635751918.7917573,10,32,100,97,98,63.26530612244899,3.3967965244928373
1635751918.7917573,11,133,99,105,99,62.62626262626264,13.857803363474689
1635751918.7917573,12,239,98,110,101,61.3861386138614,23.90801879906859
1635751919.1926212,10,32,99,101,102,60.78431372549021,3.3967965244928373
1635751919.1926212,11,137,98,109,103,60.194174757281566,14.257818049510549
1635751919.1926212,12,247,97,115,105,59.04761904761906,24.614654361779593
1635751919.5844216,10,33,99,105,106,58.49056603773586,3.502686126728226
1635751919.5844216,11,143,98,114,107,57.94392523364487,14.855178588237854
1635751919.5844216,12,257,98,120,110,56.363636363636374,25.486836491547166
1635751919.998539,10,19,100,109,110,56.363636363636374,2.018378836856321
1635751919.998539,11,132,98,116,111,55.855855855855864,13.757582401273247
1635751919.998539,12,249,97,121,113,54.86725663716815,24.790082554948466
1635751920.3754902,10,22,101,113,114,54.38596491228071,2.3367410088134952
1635751920.3754902,11,139,99,122,115,53.913043478260875,14.457296979738553
1635751920.3754902,12,261,99,128,116,53.448275862068975,25.832223007136133
1635751920.8018997,10,36,99,117,117,52.991452991453,3.8202083666617566
1635751920.8018997,11,158,98,128,119,52.10084033613446,16.333988693792744
1635751921.2705052,10,17,101,121,124,50.00000000000001,1.806066883527694
1635751921.2705052,11,144,99,131,125,49.60000000000001,14.95442198679177
1635751921.6850796,10,17,103,129,130,47.6923076923077,1.806066883527694
1635751922.2434595,10,18,106,139,140,44.28571428571429,1.9122294268504203
1635751922.2434595,11,161,105,149,142,43.66197183098592,16.6271522388117
1635751922.6839797,10,19,109,150,152,40.789473684210535,2.018378836856321
1635751922.6839797,11,173,107,163,153,40.52287581699347,17.790765425423544
1635751923.093898,10,20,110,161,162,38.27160493827161,2.124514387441452
1635751923.093898,11,185,108,173,165,37.57575757575758,18.939409542593506
1635751923.3547683,10,20,111,169,169,36.68639053254439,2.124514387441452
1635751923.3547683,11,193,110,181,172,36.04651162790698,19.69654824538426
1635751923.6175518,10,21,114,177,179,34.63687150837989,2.2306353530719227
1635751923.6175518,11,204,112,192,183,33.879781420765035,20.725995830978334
1635751923.8836896,10,15,116,184,186,33.333333333333336,1.593705304019792
1635751923.8836896,11,205,113,198,189,32.80423280423281,20.818902834126483
1635751924.1450868,10,-7,117,191,193,32.124352331606225,-0.74387920879624
1635751924.1450868,11,189,114,200,194,31.958762886597942,19.318855748568993
1635751924.4317272,10,-31,120,199,202,30.6930693069307,-3.2908836860672923
1635751924.4317272,11,171,116,201,200,31.000000000000004,17.597851763104355
1635751924.684571,10,-54,122,208,211,29.383886255924175,-5.719742748496919
1635751924.684571,11,155,117,204,205,30.243902439024396,16.039943306049665
1635751924.998681,11,136,121,208,214,28.971962616822434,14.157945744790373
1635751924.998681,10,-83,127,221,222,27.927927927927932,-8.752064820144541
1635751925.3486948,11,117,125,214,223,27.802690582959645,12.244246202334178
1635751925.6790216,11,96,128,221,234,26.4957264957265,10.096522770898641
1635751926.274071,12,229,124,195,228,27.192982456140356,23.013749847125784
1635751926.5869417,12,189,127,191,236,26.27118644067797,19.318855748568993
1635751931.3036072,7,238,98,93,84,73.80952380952382,23.819138234278373
1635751931.6124256,7,191,97,88,81,76.54320987654322,19.507922508578496
1635751931.9252872,7,164,96,85,81,76.54320987654322,16.91942262152814
1635751931.9252872,8,254,95,98,84,73.80952380952382,25.226485996516757
1635751932.2182138,7,146,97,84,82,75.60975609756099,15.152633086342712
1635751932.712683,7,113,95,82,80,77.50000000000001,11.837650005357451
1635751932.712683,8,200,95,95,84,73.80952380952382,20.35322914806883
1635751933.132809,7,75,94,81,79,78.48101265822785,7.9197544899131636
1635751933.132809,8,160,94,91,83,74.6987951807229,16.52952974363854
1635751933.132809,9,252,93,99,86,72.09302325581396,25.052296829400955
1635751933.4330192,7,53,94,80,81,76.54320987654322,5.614504665163061
1635751933.4330192,8,137,94,89,83,74.6987951807229,14.257818049510549
1635751933.4330192,9,228,93,97,85,72.94117647058825,22.923658715156016
1635751933.8633616,7,41,95,82,83,74.6987951807229,4.348880799665057
1635751933.8633616,8,127,95,90,86,72.09302325581396,13.255198990360212
1635751933.8633616,9,219,94,99,87,71.26436781609196,22.10746528048097
1635751934.4355001,7,34,97,85,87,71.26436781609196,3.6085517773185476
1635751934.4355001,8,125,96,94,89,69.66292134831461,13.053658498766145
1635751934.4355001,9,221,96,102,91,68.13186813186815,22.28967336980535
1635751934.8918648,7,12,99,87,89,69.66292134831461,1.2750826169617748
1635751934.8918648,8,104,98,95,91,68.13186813186815,10.918428084857842
1635751934.8918648,9,200,98,102,92,67.3913043478261,20.35322914806883
1635751935.4292293,8,90,99,98,94,65.95744680851065,9.477307372980938
1635751935.4292293,7,-6,100,91,93,66.66666666666667,-0.6376202550928943
1635751935.4292293,9,189,98,107,95,65.26315789473685,19.318855748568993
1635751935.9283836,7,-7,101,94,98,63.26530612244899,-0.74387920879624
1635751935.9283836,8,93,100,103,100,62.00000000000001,9.787203664656111
1635751935.9283836,9,197,99,111,101,61.3861386138614,20.07246656737335
1635751936.3702364,8,92,101,107,103,60.194174757281566,9.683968218485054
1635751936.3702364,9,200,100,115,105,59.04761904761906,20.35322914806883
1635751936.3702364,7,-13,103,99,102,60.78431372549021,-1.3812999174368017
1635751936.7792766,9,187,100,116,108,57.40740740740742,19.12935054867832
1635751936.7792766,7,-31,102,104,107,57.94392523364487,-3.2908836860672923
1635751937.2132635,9,195,100,122,113,54.86725663716815,19.884730425939498
1635751937.728382,8,62,103,118,118,52.54237288135594,6.560196400571308
1635751937.728382,7,-58,106,116,119,52.10084033613446,-6.140301141305523
1635751937.728382,9,179,101,125,117,52.991452991453,18.36699878105277
1635751938.113556,8,65,102,124,122,50.81967213114755,6.874656524321
1635751938.113556,7,-59,105,122,124,50.00000000000001,-6.245338828597758
1635751938.113556,9,189,101,131,122,50.81967213114755,19.318855748568993
1635751938.4600737,8,67,105,131,128,48.43750000000001,7.084066830606971
1635751938.4600737,9,197,103,137,129,48.062015503875976,20.07246656737335
1635751938.9347854,8,71,106,138,137,45.25547445255475,7.502311953416964
1635751938.9347854,9,209,104,146,137,45.25547445255475,21.189383845645846
1635751938.9347854,7,-71,110,135,141,43.971631205673766,-7.502311953416964
1635751939.2592711,8,75,108,145,144,43.055555555555564,7.9197544899131636
1635751939.2592711,9,220,106,154,144,43.055555555555564,22.198628437866404
1635751939.2592711,7,-72,111,142,145,42.75862068965518,-7.606749474630248
1635751939.6273878,7,-51,112,148,152,40.789473684210535,-5.403915134496321
1635751939.6273878,9,254,107,163,152,40.789473684210535,25.226485996516757
1635751940.0021164,7,-52,113,155,159,38.99371069182391,-5.509228563623229
1635751940.0021164,8,111,110,164,159,38.99371069182391,11.633894747793091
1635751940.4335456,8,129,110,179,171,36.257309941520475,13.456406039455286
1635751940.4335456,7,-45,114,165,170,36.47058823529412,-4.771289540584061
1635751940.8512392,7,-26,114,174,179,34.63687150837989,-2.7609960568462575
1635751940.8512392,8,158,112,194,182,34.06593406593407,16.333988693792744
1635751941.295009,7,-29,119,190,195,31.7948717948718,-3.078991167182793
1635751941.295009,8,172,116,212,199,31.155778894472366,17.694360399947715
1635751941.6168857,7,-53,120,200,205,30.243902439024396,-5.614504665163061
1635751941.6168857,8,157,117,215,207,29.951690821256044,16.236070980753333
1635751941.9725788,7,-105,125,212,216,28.70370370370371,-11.02085430376855
1635751942.36768,8,65,123,216,223,27.802690582959645,6.874656524321
1635751942.36768,7,-169,127,235,229,27.074235807860266,-17.404525184005227
1635751942.7158015,8,38,126,227,233,26.60944206008584,4.031760588950713
1635751943.3624249,9,166,123,208,233,26.60944206008584,17.11376786745745
1635751943.6501215,9,123,124,205,236,26.27118644067797,12.851788734777642
1635751944.8479483,3,185,121,154,227,27.31277533039648,18.939409542593506
1635751947.7902334,33,242,88,90,81,76.54320987654322,24.17392734930822
1635751948.1779644,33,217,90,89,81,76.54320987654322,21.92478522054117
1635751948.5375283,33,196,91,89,82,75.60975609756099,19.978654404768985
1635751948.8964183,33,162,91,85,81,76.54320987654322,16.7246754916319
1635751948.8964183,32,253,92,97,86,72.09302325581396,25.139453540730653
1635751949.1779618,33,123,92,82,80,77.50000000000001,12.851788734777642
1635751949.1779618,32,209,92,93,85,72.94117647058825,21.189383845645846
1635751949.505609,33,99,90,81,80,77.50000000000001,10.40524832365576
1635751949.505609,32,186,91,92,84,73.80952380952382,19.034434354835188
1635751949.8768723,33,77,89,79,81,76.54320987654322,8.12816168126673
1635751949.8768723,32,163,90,91,85,72.94117647058825,16.822099089140682
1635751949.8768723,31,257,90,97,87,71.26436781609196,25.486836491547166
1635751950.3057952,33,54,88,80,82,75.60975609756099,5.719742748496919
1635751950.3057952,32,140,88,90,85,72.94117647058825,14.556902633910628
1635751950.3057952,31,233,89,97,88,70.45454545454547,23.372910562377935
1635751950.744671,33,55,87,84,85,72.94117647058825,5.824942124530689
1635751950.744671,32,144,89,94,88,70.45454545454547,14.95442198679177
1635751950.744671,31,241,89,102,92,67.3913043478261,24.08541352897193
1635751951.147624,33,40,87,86,87,71.26436781609196,4.243202757619135
1635751951.147624,32,131,89,95,90,68.8888888888889,13.657275522629282
1635751951.147624,31,230,89,100,93,66.66666666666667,23.103720798874804
1635751951.532501,33,16,88,87,89,69.66292134831461,1.6998919335324794
1635751951.532501,32,109,89,94,92,67.3913043478261,11.429840684630294
1635751951.532501,31,207,90,100,94,65.95744680851065,21.00437328468872
1635751951.96122,33,6,89,90,91,68.13186813186815,0.6376202550928943
1635751951.96122,32,101,90,97,94,65.95744680851065,10.610727614582158
1635751951.96122,31,201,91,103,96,64.58333333333334,20.44659105159719
1635751952.440926,33,4,92,94,96,64.58333333333334,0.425089919132221
1635751952.440926,31,210,93,108,101,61.3861386138614,21.281715998314297
1635751952.972113,31,214,94,113,106,58.49056603773586,21.649884338417362
1635751952.972113,32,104,93,106,105,59.04761904761906,10.918428084857842
1635751953.4006178,33,-20,93,104,105,59.04761904761906,-2.124514387441452
1635751953.4006178,31,202,94,115,109,56.88073394495414,20.53983965738927
1635751953.832388,32,92,93,114,113,54.86725663716815,9.683968218485054
1635751953.832388,31,209,94,122,115,53.913043478260875,21.189383845645846
1635751954.2070756,33,-25,94,113,116,53.448275862068975,-2.6549588769771035
1635751954.2070756,32,96,95,120,118,52.54237288135594,10.096522770898641
1635751954.2070756,31,219,95,127,120,51.66666666666667,22.10746528048097
1635751954.587969,33,-40,94,118,120,51.66666666666667,-4.243202757619135
1635751954.587969,32,85,95,123,122,50.81967213114755,8.959575995474442
1635751954.587969,31,213,95,128,124,50.00000000000001,21.558016806404698
1635751954.928945,31,208,96,131,127,48.81889763779528,21.096936185976894
1635751955.4693244,33,-58,96,133,133,46.61654135338347,-6.140301141305523
1635751955.4693244,31,223,98,142,136,45.58823529411765,22.47140764411092
1635751955.4693244,32,83,97,136,135,45.92592592592593,8.752064820144541
1635751955.863707,33,-62,100,142,142,43.66197183098592,-6.560196400571308
1635751955.863707,31,236,100,150,145,42.75862068965518,23.641011588162154
1635751956.178776,33,-66,102,150,149,41.61073825503356,-6.979385101571969
1635751956.178776,32,91,103,152,152,40.789473684210535,9.58066925009003
1635751956.4673662,33,-70,103,157,157,39.490445859872615,-7.397824268101297
1635751956.4673662,32,94,104,159,160,38.75000000000001,9.890374977497379
1635751956.758957,32,99,104,168,167,37.125748502994014,10.40524832365576
1635751956.758957,33,-74,104,165,164,37.804878048780495,-7.815471397254411
1635751957.0549088,32,104,106,178,177,35.02824858757063,10.918428084857842
1635751957.0549088,33,-80,105,175,173,35.83815028901735,-8.440365275506633
1635751957.3423142,33,-87,105,185,183,33.879781420765035,-9.16685046013392
1635751957.3423142,32,105,106,187,185,33.513513513513516,11.02085430376855
1635751957.6259832,32,62,108,187,188,32.97872340425533,6.560196400571308
1635751957.6259832,33,-134,109,200,191,32.4607329842932,-13.957937907080732
1635751957.8807926,31,214,108,180,188,32.97872340425533,21.649884338417362
1635751957.8807926,32,24,109,190,193,32.124352331606225,2.548903494068427
1635751957.8807926,33,-180,111,215,201,30.84577114427861,-18.462668114186137
1635751958.1457152,31,171,110,177,190,32.631578947368425,17.597851763104355
1635751958.1457152,32,-22,113,197,202,30.6930693069307,-2.3367410088134952
1635751958.475056,31,142,111,177,195,31.7948717948718,14.755843914731853
1635751958.475056,32,-58,115,210,215,28.837209302325586,-6.140301141305523
1635751958.8307474,31,121,113,184,206,30.097087378640783,12.649593914834636
1635751958.8307474,32,-90,119,228,230,26.956521739130437,-9.477307372980938
1635751959.1565642,31,101,114,191,215,28.837209302325586,10.610727614582158
1635751959.1565642,32,-121,120,247,245,25.306122448979597,-12.649593914834636
1635751959.4174712,31,81,116,197,224,27.678571428571434,8.54432198150461
1635751959.7495964,31,35,118,207,235,26.38297872340426,3.714392761786679
1635751963.4087803,34,255,94,92,82,75.60975609756099,25.313394061515783
1635751963.776957,34,234,93,91,82,75.60975609756099,23.462398797339375
1635751964.1797392,34,181,91,86,79,78.48101265822785,18.558230898863858
1635751964.1797392,35,272,92,99,84,73.80952380952382,26.771681119286118
1635751964.4970222,34,141,92,83,80,77.50000000000001,14.656418438272837
1635751964.4970222,35,229,92,94,82,75.60975609756099,23.013749847125784
1635751964.9660592,34,100,94,81,80,77.50000000000001,10.508022140232413
1635751964.9660592,35,186,94,91,83,74.6987951807229,19.034434354835188
1635751965.404114,34,80,94,80,81,76.54320987654322,8.440365275506633
1635751965.404114,35,166,96,90,84,73.80952380952382,17.11376786745745
1635751965.404114,36,261,96,100,89,69.66292134831461,25.832223007136133
1635751965.8036492,34,56,95,80,83,74.6987951807229,5.93010210572097
1635751965.8036492,35,142,96,90,85,72.94117647058825,14.755843914731853
1635751965.8036492,36,236,96,99,89,69.66292134831461,23.641011588162154
1635751966.3978167,34,58,97,86,86,72.09302325581396,6.140301141305523
1635751966.3978167,35,149,97,96,89,69.66292134831461,15.449253549730287
1635751966.3978167,36,248,98,105,94,65.95744680851065,24.70243022777131
1635751966.9033298,34,36,98,86,88,70.45454545454547,3.8202083666617566
1635751966.9033298,35,128,98,95,91,68.13186813186815,13.355844454032088
1635751966.9033298,36,228,99,105,95,65.26315789473685,22.923658715156016
1635751967.497319,34,-7,96,90,91,68.13186813186815,-0.74387920879624
1635751967.497319,35,87,96,94,93,66.66666666666667,9.16685046013392
1635751967.497319,36,186,97,103,95,65.26315789473685,19.034434354835188
1635751967.9615722,34,-43,95,93,93,66.66666666666667,-4.560147265001545
1635751967.9615722,36,152,96,101,96,64.58333333333334,15.745027649154892
1635751967.9615722,35,54,95,94,94,65.95744680851065,5.719742748496919
1635751967.9615722,28,254,95,108,98,63.26530612244899,25.226485996516757
1635751968.3783717,34,-16,95,95,95,65.26315789473685,-1.6998919335324794
1635751968.3783717,36,187,97,108,100,62.00000000000001,19.12935054867832
1635751968.8960018,34,16,97,98,100,62.00000000000001,1.6998919335324794
1635751968.8960018,35,120,97,107,103,60.194174757281566,12.5483759390987
1635751968.8960018,36,233,98,118,108,57.40740740740742,23.372910562377935
1635751969.3129797,34,-3,97,101,103,60.194174757281566,-0.3188199986227441
1635751969.3129797,35,104,97,109,105,59.04761904761906,10.918428084857842
1635751969.9273968,35,73,98,110,108,57.40740740740742,7.711136174370049
1635751969.9273968,34,-39,98,106,108,57.40740740740742,-4.13749578470897
1635751969.9273968,36,188,99,118,112,55.35714285714287,19.224157790184744
1635751970.3688195,35,48,100,111,112,55.35714285714287,5.0877578101051295
1635751970.933572,35,26,102,116,118,52.54237288135594,2.7609960568462575
1635751970.933572,34,-97,103,121,120,51.66666666666667,-10.199498041433117
1635751970.933572,36,146,102,121,118,52.54237288135594,15.152633086342712
1635751970.933572,28,267,101,127,119,52.10084033613446,26.34654275119931
1635751971.3839777,34,-61,102,119,121,51.23966942148761,-6.455287136785497
1635751971.3839777,35,66,101,122,121,51.23966942148761,6.979385101571969
1635751971.3839777,36,193,102,132,124,50.00000000000001,19.69654824538426
1635751971.7712116,35,97,104,130,128,48.43750000000001,10.199498041433117
1635751971.7712116,36,233,104,142,131,47.328244274809165,23.372910562377935
1635751972.1429665,34,-46,104,128,130,47.6923076923077,-4.87681235015335
1635751972.1429665,35,89,105,133,132,46.969696969696976,9.373883203052992
1635751972.1429665,36,229,105,145,136,45.58823529411765,23.013749847125784
1635751972.4792235,34,-60,104,133,135,45.92592592592593,-6.350334386893197
1635751972.4792235,35,81,103,137,135,45.92592592592593,8.54432198150461
1635751972.4792235,36,224,105,148,140,44.28571428571429,22.562096537309067
1635751972.7737644,34,-63,105,140,141,43.971631205673766,-6.665061502275082
1635751972.7737644,35,83,105,143,142,43.66197183098592,8.752064820144541
1635751972.7737644,36,232,105,155,145,42.75862068965518,23.283301354636382
1635751973.0930507,34,-66,107,147,149,41.61073825503356,-6.979385101571969
1635751973.0930507,35,89,107,152,150,41.33333333333334,9.373883203052992
1635751973.0930507,36,246,107,164,152,40.789473684210535,24.526755108495042
1635751973.4271271,34,-69,108,156,156,39.74358974358975,-7.293287078020637
1635751973.8486214,34,-76,110,167,168,36.90476190476191,-8.023984801010398
1635751974.269665,34,-83,114,182,182,34.06593406593407,-8.752064820144541
1635751974.670556,35,99,116,198,195,31.7948717948718,10.40524832365576
1635751974.670556,34,-106,117,197,196,31.632653061224495,-11.12320925012442
1635751975.0937757,34,-126,120,215,212,29.24528301886793,-13.154470165334144
1635751975.5194843,34,-145,125,240,233,26.60944206008584,-15.053573641452305
1635751981.424555,10,250,95,99,86,72.09302325581396,24.877611194528516
1635751981.7090037,10,233,95,96,86,72.09302325581396,23.372910562377935
1635751982.0795674,10,212,95,96,86,72.09302325581396,21.466032736430833
1635751982.424071,10,190,96,95,87,71.26436781609196,19.413444096195985
1635751982.7368412,10,149,96,91,86,72.09302325581396,15.449253549730287
1635751982.7368412,11,243,94,101,89,69.66292134831461,24.262318581404937
1635751983.021327,10,135,96,91,86,72.09302325581396,14.05798553291573
1635751983.021327,11,230,95,102,91,68.13186813186815,23.103720798874804
1635751983.4540339,10,138,96,95,91,68.13186813186815,14.357601956885965
1635751983.4540339,11,236,96,106,94,65.95744680851065,23.641011588162154
1635751983.80645,10,120,98,95,92,67.3913043478261,12.5483759390987
1635751983.80645,11,219,97,106,95,65.26315789473685,22.10746528048097
1635751984.2385535,10,94,99,95,92,67.3913043478261,9.890374977497379
1635751984.2385535,11,192,99,105,96,64.58333333333334,19.602290664374493
1635751984.6897829,10,67,99,95,94,65.95744680851065,7.084066830606971
1635751984.6897829,11,165,98,103,96,64.58333333333334,17.016645682135483
1635751984.6897829,12,270,97,111,98,63.26530612244899,26.602004270640546
1635751985.0412447,10,49,99,94,95,65.26315789473685,5.1931790634241475
1635751985.0412447,12,252,98,111,100,62.00000000000001,25.052296829400955
1635751985.0412447,11,147,98,103,97,63.917525773195884,15.251599858657364
1635751985.459482,10,27,100,97,97,63.917525773195884,2.8670143121816682
1635751985.459482,11,127,99,104,99,62.62626262626264,13.255198990360212
1635751985.459482,12,231,99,109,100,62.00000000000001,23.19357136790705
1635751985.9623857,10,28,100,96,97,63.917525773195884,2.9730129222649775
1635751985.9623857,12,231,99,109,100,62.00000000000001,23.19357136790705
1635751985.9623857,11,127,99,104,98,63.26530612244899,13.255198990360212
1635751986.3944585,10,27,100,97,97,63.917525773195884,2.8670143121816682
1635751986.3944585,11,127,99,104,98,63.26530612244899,13.255198990360212
1635751986.3944585,12,231,99,109,100,62.00000000000001,23.19357136790705
1635751986.8436048,10,28,100,96,97,63.917525773195884,2.9730129222649775
1635751986.8436048,11,127,99,104,98,63.26530612244899,13.255198990360212
1635751986.8436048,12,231,99,109,100,62.00000000000001,23.19357136790705
1635751987.3137548,10,28,100,96,97,63.917525773195884,2.9730129222649775
1635751987.3137548,11,127,99,104,98,63.26530612244899,13.255198990360212
1635751987.3137548,12,231,99,109,100,62.00000000000001,23.19357136790705
1635751987.8008935,10,28,100,96,97,63.917525773195884,2.9730129222649775
1635751987.8008935,12,232,99,110,100,62.00000000000001,23.283301354636382
1635751987.8008935,11,127,99,104,98,63.26530612244899,13.255198990360212
1635751988.2413383,10,28,100,96,97,63.917525773195884,2.9730129222649775
1635751988.2413383,12,231,99,109,100,62.00000000000001,23.19357136790705
1635751988.2413383,11,127,99,104,98,63.26530612244899,13.255198990360212
1635751988.6993372,10,28,100,96,97,63.917525773195884,2.9730129222649775
1635751988.6993372,12,231,98,109,99,62.62626262626264,23.19357136790705
1635751988.6993372,11,127,99,104,98,63.26530612244899,13.255198990360212
1635751989.1491144,10,28,100,96,97,63.917525773195884,2.9730129222649775
1635751989.1491144,12,231,99,109,100,62.00000000000001,23.19357136790705
1635751989.1491144,11,127,99,104,98,63.26530612244899,13.255198990360212
1635751989.61593,10,28,100,96,97,63.917525773195884,2.9730129222649775
1635751989.61593,12,231,99,109,100,62.00000000000001,23.19357136790705
1635751989.61593,11,127,99,104,99,62.62626262626264,13.255198990360212
1635751990.0639224,10,28,100,96,97,63.917525773195884,2.9730129222649775
1635751990.0639224,11,127,99,104,98,63.26530612244899,13.255198990360212
1635751990.0639224,12,231,99,109,100,62.00000000000001,23.19357136790705
1635751990.5228891,10,28,100,96,97,63.917525773195884,2.9730129222649775
1635751990.5228891,12,231,99,109,100,62.00000000000001,23.19357136790705
1635751990.5228891,11,127,99,104,98,63.26530612244899,13.255198990360212
1635751990.98551,10,28,100,96,97,63.917525773195884,2.9730129222649775
1635751990.98551,12,231,99,109,100,62.00000000000001,23.19357136790705
1635751990.98551,11,127,99,104,98,63.26530612244899,13.255198990360212
1635751991.426644,10,28,100,96,97,63.917525773195884,2.9730129222649775
1635751991.426644,11,127,99,103,99,62.62626262626264,13.255198990360212
1635751991.426644,12,231,99,109,100,62.00000000000001,23.19357136790705
1635751991.8879886,10,28,100,96,97,63.917525773195884,2.9730129222649775
1635751991.8879886,12,231,99,109,100,62.00000000000001,23.19357136790705
1635751991.8879886,11,127,99,104,98,63.26530612244899,13.255198990360212
1635751992.360068,10,28,100,96,97,63.917525773195884,2.9730129222649775
1635751992.360068,12,231,99,109,100,62.00000000000001,23.19357136790705
1635751992.360068,11,127,99,104,98,63.26530612244899,13.255198990360212
1635751992.829434,10,28,100,96,97,63.917525773195884,2.9730129222649775
1635751992.829434,12,231,99,109,100,62.00000000000001,23.19357136790705
1635751992.829434,11,127,99,104,98,63.26530612244899,13.255198990360212
1635751993.2683291,10,28,100,96,97,63.917525773195884,2.9730129222649775
1635751993.2683291,12,231,99,109,100,62.00000000000001,23.19357136790705
1635751993.2683291,11,127,99,104,98,63.26530612244899,13.255198990360212
1635751993.7202768,10,28,100,96,97,63.917525773195884,2.9730129222649775
1635751993.7202768,12,232,99,110,100,62.00000000000001,23.283301354636382
1635751993.7202768,11,127,99,104,98,63.26530612244899,13.255198990360212
1635751994.2055597,10,28,100,96,97,63.917525773195884,2.9730129222649775
1635751994.2055597,12,231,99,109,100,62.00000000000001,23.19357136790705
1635751994.2055597,11,127,99,104,98,63.26530612244899,13.255198990360212
1635751994.611655,10,28,100,96,97,63.917525773195884,2.9730129222649775
1635751994.611655,12,232,99,110,100,62.00000000000001,23.283301354636382
1635751994.611655,11,127,99,104,99,62.62626262626264,13.255198990360212
1635751995.082137,10,28,100,96,97,63.917525773195884,2.9730129222649775
1635751995.082137,11,127,99,103,99,62.62626262626264,13.255198990360212
1635751995.082137,12,231,99,109,100,62.00000000000001,23.19357136790705
1635751995.49613,10,28,100,96,97,63.917525773195884,2.9730129222649775
1635751995.49613,11,127,99,104,99,62.62626262626264,13.255198990360212
1635751995.49613,12,232,99,110,100,62.00000000000001,23.283301354636382
1635751995.9549744,10,28,100,96,97,63.917525773195884,2.9730129222649775
1635751995.9549744,12,232,99,110,100,62.00000000000001,23.283301354636382
1635751995.9549744,11,127,99,104,98,63.26530612244899,13.255198990360212
1635751996.4233882,10,28,100,96,97,63.917525773195884,2.9730129222649775
1635751996.4233882,11,127,99,104,99,62.62626262626264,13.255198990360212
1635751996.4233882,12,231,98,107,99,62.62626262626264,23.19357136790705
1635751996.8522444,10,28,100,96,97,63.917525773195884,2.9730129222649775
1635751996.8522444,11,127,99,104,98,63.26530612244899,13.255198990360212
1635751996.8522444,12,231,99,109,100,62.00000000000001,23.19357136790705
1635751997.2901413,10,28,100,96,97,63.917525773195884,2.9730129222649775
1635751997.2901413,12,231,99,109,100,62.00000000000001,23.19357136790705
1635751997.2901413,11,127,99,104,99,62.62626262626264,13.255198990360212
1635751997.7109444,10,28,100,96,97,63.917525773195884,2.9730129222649775
1635751997.7109444,12,231,98,109,99,62.62626262626264,23.19357136790705
1635751997.7109444,11,127,99,104,99,62.62626262626264,13.255198990360212
1635751998.1574585,10,28,100,96,97,63.917525773195884,2.9730129222649775
1635751998.1574585,11,127,99,104,98,63.26530612244899,13.255198990360212
1635751998.1574585,12,232,99,110,100,62.00000000000001,23.283301354636382
1635751998.580617,10,28,100,96,97,63.917525773195884,2.9730129222649775
1635751998.580617,11,127,99,103,99,62.62626262626264,13.255198990360212
1635751998.580617,12,232,99,110,100,62.00000000000001,23.283301354636382
1635751999.0226603,10,28,100,96,97,63.917525773195884,2.9730129222649775
1635751999.0226603,11,127,99,104,98,63.26530612244899,13.255198990360212
1635751999.0226603,12,231,99,109,100,62.00000000000001,23.19357136790705
1635751999.4172068,10,28,100,96,97,63.917525773195884,2.9730129222649775
1635751999.4172068,12,231,99,109,100,62.00000000000001,23.19357136790705
1635751999.4172068,11,127,99,104,98,63.26530612244899,13.255198990360212
1635751999.8910975,10,28,100,96,97,63.917525773195884,2.9730129222649775
1635751999.8910975,11,127,99,104,99,62.62626262626264,13.255198990360212
1635751999.8910975,12,231,99,109,100,62.00000000000001,23.19357136790705
1635752000.386562,10,28,100,96,97,63.917525773195884,2.9730129222649775
1635752000.386562,11,127,99,104,98,63.26530612244899,13.255198990360212
1635752000.386562,12,232,99,110,100,62.00000000000001,23.283301354636382
1635752000.839511,10,28,100,96,97,63.917525773195884,2.9730129222649775
1635752000.839511,11,127,99,104,98,63.26530612244899,13.255198990360212
1635752000.839511,12,232,99,110,100,62.00000000000001,23.283301354636382
1635752001.2437413,10,27,100,97,97,63.917525773195884,2.8670143121816682
1635752001.2437413,12,231,99,109,100,62.00000000000001,23.19357136790705
1635752001.2437413,11,127,99,104,98,63.26530612244899,13.255198990360212
1635752001.6837618,10,28,100,96,97,63.917525773195884,2.9730129222649775
1635752001.6837618,12,231,99,109,100,62.00000000000001,23.19357136790705
1635752001.6837618,11,127,99,104,99,62.62626262626264,13.255198990360212
1635752002.1433177,10,28,100,96,97,63.917525773195884,2.9730129222649775
1635752002.1433177,12,231,99,109,100,62.00000000000001,23.19357136790705
1635752002.1433177,11,127,99,104,98,63.26530612244899,13.255198990360212
1635752002.614034,10,28,100,96,97,63.917525773195884,2.9730129222649775
1635752002.614034,12,231,99,109,100,62.00000000000001,23.19357136790705
1635752002.614034,11,127,99,104,98,63.26530612244899,13.255198990360212
1635752003.0458634,10,28,100,96,97,63.917525773195884,2.9730129222649775
1635752003.0458634,11,127,99,103,99,62.62626262626264,13.255198990360212
1635752003.0458634,12,231,99,109,100,62.00000000000001,23.19357136790705
1635752003.5200408,10,28,100,96,97,63.917525773195884,2.9730129222649775
1635752003.5200408,12,231,99,109,100,62.00000000000001,23.19357136790705
1635752003.5200408,11,127,99,104,99,62.62626262626264,13.255198990360212
1635752003.940433,10,28,100,96,97,63.917525773195884,2.9730129222649775
1635752003.940433,11,127,99,104,99,62.62626262626264,13.255198990360212
1635752003.940433,12,231,99,109,100,62.00000000000001,23.19357136790705
1635752004.422024,10,28,100,96,97,63.917525773195884,2.9730129222649775
1635752004.422024,11,127,99,104,98,63.26530612244899,13.255198990360212
1635752004.422024,12,231,99,109,100,62.00000000000001,23.19357136790705
1635752004.8436394,10,28,100,96,97,63.917525773195884,2.9730129222649775
1635752004.8436394,12,231,98,109,101,61.3861386138614,23.19357136790705
1635752004.8436394,11,127,99,104,99,62.62626262626264,13.255198990360212
1635752005.28905,10,28,100,96,97,63.917525773195884,2.9730129222649775
1635752005.28905,11,127,99,104,98,63.26530612244899,13.255198990360212
1635752005.28905,12,231,99,109,100,62.00000000000001,23.19357136790705
1635752005.7976577,10,28,100,96,97,63.917525773195884,2.9730129222649775
1635752005.7976577,11,127,99,104,98,63.26530612244899,13.255198990360212
1635752005.7976577,12,232,98,110,101,61.3861386138614,23.283301354636382
1635752006.3036618,10,28,100,96,97,63.917525773195884,2.9730129222649775
1635752006.3036618,11,127,99,104,98,63.26530612244899,13.255198990360212
1635752006.3036618,12,231,99,109,100,62.00000000000001,23.19357136790705
1635752006.7846708,10,28,100,96,97,63.917525773195884,2.9730129222649775
1635752006.7846708,12,232,99,110,100,62.00000000000001,23.283301354636382
1635752006.7846708,11,127,99,104,98,63.26530612244899,13.255198990360212
1635752007.296148,10,28,100,96,97,63.917525773195884,2.9730129222649775
1635752007.296148,12,232,99,110,100,62.00000000000001,23.283301354636382
1635752007.296148,11,127,99,104,98,63.26530612244899,13.255198990360212
1635752007.7410357,10,27,100,94,97,63.917525773195884,2.8670143121816682
1635752007.7410357,11,127,99,104,99,62.62626262626264,13.255198990360212
1635752007.7410357,12,231,98,109,99,62.62626262626264,23.19357136790705
1635752008.1684225,10,28,100,96,97,63.917525773195884,2.9730129222649775
1635752008.1684225,12,231,99,109,100,62.00000000000001,23.19357136790705
1635752008.1684225,11,127,99,104,99,62.62626262626264,13.255198990360212
1635752008.6066082,10,27,100,97,97,63.917525773195884,2.8670143121816682
1635752008.6066082,12,231,99,109,100,62.00000000000001,23.19357136790705
1635752008.6066082,11,127,99,104,99,62.62626262626264,13.255198990360212
1635752009.0238323,10,28,100,96,97,63.917525773195884,2.9730129222649775
1635752009.0238323,12,231,98,109,99,62.62626262626264,23.19357136790705
1635752009.0238323,11,127,99,104,99,62.62626262626264,13.255198990360212
1635752009.4869728,10,28,100,96,97,63.917525773195884,2.9730129222649775
1635752009.4869728,12,231,99,109,100,62.00000000000001,23.19357136790705
1635752010.0456567,10,28,100,96,97,63.917525773195884,2.9730129222649775
1635752010.0456567,12,232,99,110,100,62.00000000000001,23.283301354636382
1635752010.0456567,11,127,99,104,99,62.62626262626264,13.255198990360212
1635752010.4666955,10,28,100,96,97,63.917525773195884,2.9730129222649775
1635752010.4666955,12,231,99,109,100,62.00000000000001,23.19357136790705
1635752010.4666955,11,127,99,104,98,63.26530612244899,13.255198990360212
1635752010.9053638,10,28,100,96,97,63.917525773195884,2.9730129222649775
1635752010.9053638,12,231,99,109,100,62.00000000000001,23.19357136790705
1635752010.9053638,11,127,99,104,98,63.26530612244899,13.255198990360212
1635752011.358862,10,27,100,97,97,63.917525773195884,2.8670143121816682
1635752011.358862,12,231,98,109,99,62.62626262626264,23.19357136790705
1635752011.358862,11,127,99,104,99,62.62626262626264,13.255198990360212
1635752011.7746317,10,28,100,96,97,63.917525773195884,2.9730129222649775
1635752011.7746317,11,127,99,104,99,62.62626262626264,13.255198990360212
1635752011.7746317,12,232,99,110,100,62.00000000000001,23.283301354636382
1635752012.2650673,10,28,100,96,97,63.917525773195884,2.9730129222649775
1635752012.2650673,12,231,98,109,101,61.3861386138614,23.19357136790705
1635752012.2650673,11,127,99,104,98,63.26530612244899,13.255198990360212
1635752012.7000892,10,28,100,96,97,63.917525773195884,2.9730129222649775
1635752012.7000892,11,127,99,103,99,62.62626262626264,13.255198990360212
1635752012.7000892,12,231,98,109,101,61.3861386138614,23.19357136790705
1635752013.1908603,10,28,100,96,97,63.917525773195884,2.9730129222649775
1635752013.1908603,12,232,99,110,100,62.00000000000001,23.283301354636382
1635752013.1908603,11,127,99,104,98,63.26530612244899,13.255198990360212
1635752013.6746058,10,28,100,96,97,63.917525773195884,2.9730129222649775
1635752013.6746058,12,231,98,109,101,61.3861386138614,23.19357136790705
1635752013.6746058,11,127,99,104,98,63.26530612244899,13.255198990360212
1635752014.13751,10,28,100,96,97,63.917525773195884,2.9730129222649775
1635752014.13751,11,127,99,104,98,63.26530612244899,13.255198990360212
1635752014.13751,12,231,98,109,101,61.3861386138614,23.19357136790705
1635752014.6021683,10,28,100,96,97,63.917525773195884,2.9730129222649775
1635752014.6021683,11,127,99,104,98,63.26530612244899,13.255198990360212
1635752014.6021683,12,231,98,109,101,61.3861386138614,23.19357136790705
1635752015.043541,10,28,100,96,97,63.917525773195884,2.9730129222649775
1635752015.043541,12,231,99,109,100,62.00000000000001,23.19357136790705
1635752015.043541,11,127,99,105,98,63.26530612244899,13.255198990360212
1635752015.5078342,10,28,100,96,97,63.917525773195884,2.9730129222649775
1635752015.5078342,12,232,99,110,100,62.00000000000001,23.283301354636382
1635752015.5078342,11,127,99,104,99,62.62626262626264,13.255198990360212
1635752015.9655404,10,28,100,96,97,63.917525773195884,2.9730129222649775
1635752015.9655404,12,231,98,109,99,62.62626262626264,23.19357136790705
1635752015.9655404,11,127,99,103,98,63.26530612244899,13.255198990360212
1635752016.4479194,10,27,100,97,97,63.917525773195884,2.8670143121816682
1635752016.4479194,12,232,99,110,100,62.00000000000001,23.283301354636382
1635752016.4479194,11,127,99,104,98,63.26530612244899,13.255198990360212
1635752016.8708382,10,28,100,96,97,63.917525773195884,2.9730129222649775
1635752016.8708382,12,231,99,109,100,62.00000000000001,23.19357136790705
1635752016.8708382,11,127,99,105,99,62.62626262626264,13.255198990360212
1635752017.3282902,10,27,100,97,97,63.917525773195884,2.8670143121816682
1635752017.3282902,11,127,99,104,99,62.62626262626264,13.255198990360212
1635752017.3282902,12,232,98,110,101,61.3861386138614,23.283301354636382
1635752017.773707,10,27,100,97,97,63.917525773195884,2.8670143121816682
1635752017.773707,12,231,99,109,100,62.00000000000001,23.19357136790705
1635752017.773707,11,127,99,104,98,63.26530612244899,13.255198990360212
1635752018.18759,10,28,100,96,97,63.917525773195884,2.9730129222649775
1635752018.18759,12,232,99,110,100,62.00000000000001,23.283301354636382
1635752018.18759,11,127,99,105,98,63.26530612244899,13.255198990360212
1635752018.6517093,10,28,100,96,97,63.917525773195884,2.9730129222649775
1635752018.6517093,12,231,99,109,100,62.00000000000001,23.19357136790705
1635752018.6517093,11,127,99,105,98,63.26530612244899,13.255198990360212
1635752019.085417,10,28,100,96,97,63.917525773195884,2.9730129222649775
1635752019.085417,11,127,99,104,99,62.62626262626264,13.255198990360212
1635752019.085417,12,231,99,109,100,62.00000000000001,23.19357136790705
1635752019.5455453,10,28,100,96,97,63.917525773195884,2.9730129222649775
1635752019.5455453,12,231,99,109,100,62.00000000000001,23.19357136790705
1635752019.5455453,11,127,99,104,99,62.62626262626264,13.255198990360212
1635752020.022769,10,28,100,96,97,63.917525773195884,2.9730129222649775
1635752020.022769,11,127,99,103,99,62.62626262626264,13.255198990360212
1635752020.022769,12,231,99,109,100,62.00000000000001,23.19357136790705
